PRAGMA foreign_keys=OFF;
BEGIN TRANSACTION;
CREATE TABLE wrestlers (
  id            INTEGER PRIMARY KEY,
  name          TEXT NOT NULL UNIQUE,
  gender        TEXT NOT NULL CHECK (gender IN ('M','F')),
  birthday      TEXT,              -- keep your DD-MM-YYYY string for now
  created_at    TEXT NOT NULL DEFAULT (datetime('now')),
  updated_at    TEXT NOT NULL DEFAULT (datetime('now'))
);
INSERT INTO wrestlers VALUES(1,'The Rock','M','02-05-1972','2026-01-29 11:52:59','2026-01-29 11:52:59');
INSERT INTO wrestlers VALUES(2,'Stone Cold Steve Austin','M','18-12-1964','2026-01-29 11:52:59','2026-01-29 11:52:59');
INSERT INTO wrestlers VALUES(3,'Triple H','M','27-07-1969','2026-01-29 11:52:59','2026-01-29 11:52:59');
INSERT INTO wrestlers VALUES(4,'The Undertaker','M','24-03-1965','2026-01-29 11:52:59','2026-01-29 11:52:59');
INSERT INTO wrestlers VALUES(5,'Kurt Angle','M','09-12-1968','2026-01-29 11:52:59','2026-01-29 11:52:59');
INSERT INTO wrestlers VALUES(6,'Mick Foley','M','07-06-1965','2026-01-29 11:52:59','2026-01-29 11:52:59');
INSERT INTO wrestlers VALUES(7,'Kane','M','26-04-1967','2026-01-29 11:52:59','2026-01-29 11:52:59');
INSERT INTO wrestlers VALUES(8,'Big Show','M','08-02-1972','2026-01-29 11:52:59','2026-01-29 11:52:59');
INSERT INTO wrestlers VALUES(9,'Chris Jericho','M','09-11-1970','2026-01-29 11:52:59','2026-01-29 11:52:59');
INSERT INTO wrestlers VALUES(10,'Chris Benoit','M','21-05-1967','2026-01-29 11:52:59','2026-01-29 11:52:59');
INSERT INTO wrestlers VALUES(11,'Eddie Guerrero','M','09-10-1967','2026-01-29 11:52:59','2026-01-29 11:52:59');
INSERT INTO wrestlers VALUES(12,'Rikishi','M','11-10-1965','2026-01-29 11:52:59','2026-01-29 11:52:59');
INSERT INTO wrestlers VALUES(13,'Edge','M','30-10-1973','2026-01-29 11:52:59','2026-01-29 11:52:59');
INSERT INTO wrestlers VALUES(14,'Christian','M','30-11-1973','2026-01-29 11:52:59','2026-01-29 11:52:59');
INSERT INTO wrestlers VALUES(15,'William Regal','M','10-05-1968','2026-01-29 11:52:59','2026-01-29 11:52:59');
INSERT INTO wrestlers VALUES(16,'Test','M','17-03-1975','2026-01-29 11:52:59','2026-01-29 11:52:59');
INSERT INTO wrestlers VALUES(17,'Booker T','M','01-03-1965','2026-01-29 11:52:59','2026-01-29 11:52:59');
INSERT INTO wrestlers VALUES(18,'Rob Van Dam','M','18-12-1970','2026-01-29 11:52:59','2026-01-29 11:52:59');
INSERT INTO wrestlers VALUES(20,'Goldust','M','11-04-1969','2026-01-29 11:52:59','2026-01-29 11:52:59');
INSERT INTO wrestlers VALUES(21,'Matt Hardy','M','23-09-1974','2026-01-29 11:52:59','2026-01-29 11:52:59');
INSERT INTO wrestlers VALUES(22,'Jeff Hardy','M','31-08-1977','2026-01-29 11:52:59','2026-01-29 11:52:59');
INSERT INTO wrestlers VALUES(23,'Bubba Ray Dudley','M','14-07-1971','2026-01-29 11:52:59','2026-01-29 11:52:59');
INSERT INTO wrestlers VALUES(24,'D-Von Dudley','M','01-08-1972','2026-01-29 11:52:59','2026-01-29 11:52:59');
INSERT INTO wrestlers VALUES(25,'Bradshaw','M','29-11-1966','2026-01-29 11:52:59','2026-01-29 11:52:59');
INSERT INTO wrestlers VALUES(26,'Faarooq','M','15-05-1958','2026-01-29 11:52:59','2026-01-29 11:52:59');
INSERT INTO wrestlers VALUES(27,'Road Dogg','M','20-05-1969','2026-01-29 11:52:59','2026-01-29 11:52:59');
INSERT INTO wrestlers VALUES(28,'Billy Gunn','M','01-11-1963','2026-01-29 11:52:59','2026-01-29 11:52:59');
INSERT INTO wrestlers VALUES(29,'X-Pac','M','13-07-1972','2026-01-29 11:52:59','2026-01-29 11:52:59');
INSERT INTO wrestlers VALUES(30,'Scotty 2 Hotty','M','02-07-1973','2026-01-29 11:52:59','2026-01-29 11:52:59');
INSERT INTO wrestlers VALUES(31,'Grandmaster Sexay','M','10-01-1972','2026-01-29 11:52:59','2026-01-29 11:52:59');
INSERT INTO wrestlers VALUES(32,'Chuck Palumbo','M','15-06-1971','2026-01-29 11:52:59','2026-01-29 11:52:59');
INSERT INTO wrestlers VALUES(33,'Sean O’Haire','M','25-02-1971','2026-01-29 11:52:59','2026-01-29 11:52:59');
INSERT INTO wrestlers VALUES(34,'The Hurricane','M','12-07-1974','2026-01-29 11:52:59','2026-01-29 11:52:59');
INSERT INTO wrestlers VALUES(35,'Hardcore Holly','M','29-01-1963','2026-01-29 11:52:59','2026-01-29 11:52:59');
INSERT INTO wrestlers VALUES(36,'Crash Holly','M','25-08-1971','2026-01-29 11:52:59','2026-01-29 11:52:59');
INSERT INTO wrestlers VALUES(37,'Al Snow','M','18-07-1963','2026-01-29 11:52:59','2026-01-29 11:52:59');
INSERT INTO wrestlers VALUES(40,'Steve Blackman','M','28-09-1963','2026-01-29 11:52:59','2026-01-29 11:52:59');
INSERT INTO wrestlers VALUES(41,'Val Venis','M','06-03-1971','2026-01-29 11:52:59','2026-01-29 11:52:59');
INSERT INTO wrestlers VALUES(42,'Tazz','M','11-10-1967','2026-01-29 11:52:59','2026-01-29 11:52:59');
INSERT INTO wrestlers VALUES(43,'Raven','M','08-09-1964','2026-01-29 11:52:59','2026-01-29 11:52:59');
INSERT INTO wrestlers VALUES(44,'Rhyno','M','07-10-1975','2026-01-29 11:52:59','2026-01-29 11:52:59');
INSERT INTO wrestlers VALUES(45,'Tajiri','M','29-09-1970','2026-01-29 11:52:59','2026-01-29 11:52:59');
INSERT INTO wrestlers VALUES(46,'Tommy Dreamer','M','13-02-1971','2026-01-29 11:52:59','2026-01-29 11:52:59');
INSERT INTO wrestlers VALUES(47,'Justin Credible','M','16-10-1973','2026-01-29 11:52:59','2026-01-29 11:52:59');
INSERT INTO wrestlers VALUES(48,'Lance Storm','M','03-04-1969','2026-01-29 11:52:59','2026-01-29 11:52:59');
INSERT INTO wrestlers VALUES(49,'Mike Awesome','M','24-01-1965','2026-01-29 11:52:59','2026-01-29 11:52:59');
INSERT INTO wrestlers VALUES(52,'Billy Kidman','M','29-05-1974','2026-01-29 11:52:59','2026-01-29 11:52:59');
INSERT INTO wrestlers VALUES(53,'Chavo Guerrero Jr.','M','20-10-1970','2026-01-29 11:52:59','2026-01-29 11:52:59');
INSERT INTO wrestlers VALUES(56,'Sting','M','20-03-1959','2026-01-29 11:52:59','2026-01-29 11:52:59');
INSERT INTO wrestlers VALUES(58,'Ric Flair','M','25-02-1949','2026-01-29 11:52:59','2026-01-29 11:52:59');
INSERT INTO wrestlers VALUES(61,'Scott Hall','M','20-10-1958','2026-01-29 11:52:59','2026-01-29 11:52:59');
INSERT INTO wrestlers VALUES(62,'Scott Steiner','M','29-07-1962','2026-01-29 11:52:59','2026-01-29 11:52:59');
INSERT INTO wrestlers VALUES(63,'Rey Mysterio','M','11-12-1974','2026-01-29 11:52:59','2026-01-29 11:52:59');
INSERT INTO wrestlers VALUES(64,'Juventud Guerrera','M','23-11-1974','2026-01-29 11:52:59','2026-01-29 11:52:59');
INSERT INTO wrestlers VALUES(65,'Psicosis','M','22-09-1971','2026-01-29 11:52:59','2026-01-29 11:52:59');
INSERT INTO wrestlers VALUES(66,'L.A. Park','M','14-11-1965','2026-01-29 11:52:59','2026-01-29 11:52:59');
INSERT INTO wrestlers VALUES(67,'Konnan','M','06-01-1964','2026-01-29 11:52:59','2026-01-29 11:52:59');
INSERT INTO wrestlers VALUES(68,'Sabu','M','12-12-1964','2026-01-29 11:52:59','2026-01-29 11:52:59');
INSERT INTO wrestlers VALUES(69,'The Sandman','M','09-06-1963','2026-01-29 11:52:59','2026-01-29 11:52:59');
INSERT INTO wrestlers VALUES(71,'Super Crazy','M','03-12-1973','2026-01-29 11:52:59','2026-01-29 11:52:59');
INSERT INTO wrestlers VALUES(72,'Kid Kash','M','31-07-1969','2026-01-29 11:52:59','2026-01-29 11:52:59');
INSERT INTO wrestlers VALUES(73,'Little Guido','M','12-03-1972','2026-01-29 11:52:59','2026-01-29 11:52:59');
INSERT INTO wrestlers VALUES(74,'Steve Corino','M','29-05-1973','2026-01-29 11:52:59','2026-01-29 11:52:59');
INSERT INTO wrestlers VALUES(75,'AJ Styles','M','02-06-1977','2026-01-29 11:52:59','2026-01-29 11:52:59');
INSERT INTO wrestlers VALUES(76,'Christopher Daniels','M','24-03-1970','2026-01-29 11:52:59','2026-01-29 11:52:59');
INSERT INTO wrestlers VALUES(77,'Samoa Joe','M','17-03-1979','2026-01-29 11:52:59','2026-01-29 11:52:59');
INSERT INTO wrestlers VALUES(78,'Low Ki','M','06-09-1979','2026-01-29 11:52:59','2026-01-29 11:52:59');
INSERT INTO wrestlers VALUES(79,'Jushin Thunder Liger','M','30-11-1964','2026-01-29 11:52:59','2026-01-29 11:52:59');
INSERT INTO wrestlers VALUES(82,'Vampiro','M','31-10-1967','2026-01-29 11:52:59','2026-01-29 11:52:59');
INSERT INTO wrestlers VALUES(84,'Buff Bagwell','M','10-01-1970','2026-01-29 11:52:59','2026-01-29 11:52:59');
INSERT INTO wrestlers VALUES(85,'Lita','F','14-04-1975','2026-01-29 11:52:59','2026-01-29 11:52:59');
INSERT INTO wrestlers VALUES(86,'Trish Stratus','F','18-12-1975','2026-01-29 11:52:59','2026-01-29 11:52:59');
INSERT INTO wrestlers VALUES(87,'Chyna','F','27-12-1969','2026-01-29 11:52:59','2026-01-29 11:52:59');
INSERT INTO wrestlers VALUES(88,'Ivory','F','26-11-1961','2026-01-29 11:52:59','2026-01-29 11:52:59');
INSERT INTO wrestlers VALUES(89,'Stephanie McMahon','F','24-09-1976','2026-01-29 11:52:59','2026-01-29 11:52:59');
INSERT INTO wrestlers VALUES(91,'Tori','F','20-03-1965','2026-01-29 11:52:59','2026-01-29 11:52:59');
INSERT INTO wrestlers VALUES(92,'Molly Holly','F','07-09-1977','2026-01-29 11:52:59','2026-01-29 11:52:59');
INSERT INTO wrestlers VALUES(93,'Torrie Wilson','F','24-07-1975','2026-01-29 11:52:59','2026-01-29 11:52:59');
INSERT INTO wrestlers VALUES(94,'Stacy Keibler','F','14-10-1979','2026-01-29 11:52:59','2026-01-29 11:52:59');
INSERT INTO wrestlers VALUES(95,'Vince McMahon','M','24-08-1945','2026-01-29 11:52:59','2026-01-29 11:52:59');
INSERT INTO wrestlers VALUES(96,'Shane McMahon','M','15-01-1970','2026-01-29 11:52:59','2026-01-29 11:52:59');
INSERT INTO wrestlers VALUES(97,'Jerry Lawler','M','29-11-1949','2026-01-29 11:52:59','2026-01-29 11:52:59');
INSERT INTO wrestlers VALUES(98,'Jim Ross','M','03-01-1952','2026-01-29 11:52:59','2026-01-29 11:52:59');
INSERT INTO wrestlers VALUES(99,'A-Train','M',NULL,'2026-01-29 13:33:04','2026-01-29 13:33:04');
INSERT INTO wrestlers VALUES(100,'Akio','M',NULL,'2026-01-29 13:34:16','2026-01-29 13:34:16');
INSERT INTO wrestlers VALUES(101,'Batista','M',NULL,'2026-01-29 13:38:43','2026-01-29 13:38:43');
INSERT INTO wrestlers VALUES(102,'Charlie Haas','M',NULL,'2026-01-29 13:44:08','2026-01-29 13:44:08');
INSERT INTO wrestlers VALUES(103,'Chavo Guerrero','M',NULL,'2026-01-29 13:44:28','2026-01-29 13:44:28');
INSERT INTO wrestlers VALUES(104,'Danny Basham','M',NULL,'2026-01-29 13:48:13','2026-01-29 13:48:13');
INSERT INTO wrestlers VALUES(105,'Dawn Marie','F',NULL,'2026-01-29 13:48:31','2026-01-29 13:48:31');
INSERT INTO wrestlers VALUES(106,'Doug Basham','M',NULL,'2026-01-29 13:48:56','2026-01-29 13:48:56');
INSERT INTO wrestlers VALUES(107,'Funaki','M',NULL,'2026-01-29 13:50:31','2026-01-29 13:50:31');
INSERT INTO wrestlers VALUES(108,'Gail Kim','F',NULL,'2026-01-29 13:51:50','2026-01-29 13:51:50');
INSERT INTO wrestlers VALUES(109,'Garrison Cade','M',NULL,'2026-01-29 13:52:27','2026-01-29 13:52:27');
INSERT INTO wrestlers VALUES(110,'Jamie Noble','M',NULL,'2026-01-29 13:54:44','2026-01-29 13:54:44');
INSERT INTO wrestlers VALUES(111,'Jazz','F',NULL,'2026-01-29 13:55:13','2026-01-29 13:55:13');
INSERT INTO wrestlers VALUES(112,'John Cena','M',NULL,'2026-01-29 13:57:23','2026-01-29 13:57:23');
INSERT INTO wrestlers VALUES(113,'Johnny Nitro','M',NULL,'2026-01-29 13:57:53','2026-01-29 13:57:53');
INSERT INTO wrestlers VALUES(114,'Jon Heidenreich','M',NULL,'2026-01-29 13:58:32','2026-01-29 13:58:32');
INSERT INTO wrestlers VALUES(115,'Mark Henry','M',NULL,'2026-01-29 14:01:13','2026-01-29 14:01:13');
INSERT INTO wrestlers VALUES(116,'Mark Jindrak','M',NULL,'2026-01-29 14:01:31','2026-01-29 14:01:31');
INSERT INTO wrestlers VALUES(117,'Maven','M',NULL,'2026-01-29 14:03:58','2026-01-29 14:03:58');
INSERT INTO wrestlers VALUES(118,'Orlando Jordan','M',NULL,'2026-01-29 14:07:51','2026-01-29 14:07:51');
INSERT INTO wrestlers VALUES(119,'Randy Orton','M',NULL,'2026-01-29 14:08:25','2026-01-29 14:08:25');
INSERT INTO wrestlers VALUES(120,'Rene Dupree','M',NULL,'2026-01-29 14:08:47','2026-01-29 14:08:47');
INSERT INTO wrestlers VALUES(121,'Rico','M',NULL,'2026-01-29 14:10:01','2026-01-29 14:10:01');
INSERT INTO wrestlers VALUES(122,'Shannon Moore','M',NULL,'2026-01-29 14:11:42','2026-01-29 14:11:42');
INSERT INTO wrestlers VALUES(123,'Shelton Benjamin','M',NULL,'2026-01-29 14:12:02','2026-01-29 14:12:02');
INSERT INTO wrestlers VALUES(124,'Spike Dudley','M',NULL,'2026-01-29 14:12:24','2026-01-29 14:12:24');
INSERT INTO wrestlers VALUES(125,'Steven Richards','M',NULL,'2026-01-29 14:12:51','2026-01-29 14:12:51');
INSERT INTO wrestlers VALUES(126,'Victoria','F',NULL,'2026-01-29 14:18:49','2026-01-29 14:18:49');
CREATE TABLE roster_era (
  era           INTEGER NOT NULL,  -- e.g., 2001
  wrestler_id   INTEGER NOT NULL,
  brand         TEXT NOT NULL,      -- RAW/SD/FA
  alignment     TEXT NOT NULL CHECK (alignment IN ('face','heel','neutral')),
  PRIMARY KEY (era, wrestler_id),
  FOREIGN KEY (wrestler_id) REFERENCES wrestlers(id) ON DELETE CASCADE
);
INSERT INTO roster_era VALUES(2001,1,'RAW','face');
INSERT INTO roster_era VALUES(2001,2,'RAW','face');
INSERT INTO roster_era VALUES(2001,3,'RAW','heel');
INSERT INTO roster_era VALUES(2001,4,'SmackDown','face');
INSERT INTO roster_era VALUES(2001,5,'SmackDown','heel');
INSERT INTO roster_era VALUES(2001,6,'RAW','face');
INSERT INTO roster_era VALUES(2001,7,'RAW','face');
INSERT INTO roster_era VALUES(2001,8,'SmackDown','neutral');
INSERT INTO roster_era VALUES(2001,9,'RAW','neutral');
INSERT INTO roster_era VALUES(2001,10,'SmackDown','neutral');
INSERT INTO roster_era VALUES(2001,11,'SmackDown','heel');
INSERT INTO roster_era VALUES(2001,12,'SmackDown','face');
INSERT INTO roster_era VALUES(2001,13,'SmackDown','face');
INSERT INTO roster_era VALUES(2001,14,'RAW','heel');
INSERT INTO roster_era VALUES(2001,15,'RAW','heel');
INSERT INTO roster_era VALUES(2001,16,'RAW','heel');
INSERT INTO roster_era VALUES(2001,17,'RAW','heel');
INSERT INTO roster_era VALUES(2001,18,'RAW','face');
INSERT INTO roster_era VALUES(2001,20,'RAW','neutral');
INSERT INTO roster_era VALUES(2001,21,'SmackDown','face');
INSERT INTO roster_era VALUES(2001,22,'SmackDown','face');
INSERT INTO roster_era VALUES(2001,23,'RAW','heel');
INSERT INTO roster_era VALUES(2001,24,'RAW','heel');
INSERT INTO roster_era VALUES(2001,25,'RAW','neutral');
INSERT INTO roster_era VALUES(2001,26,'RAW','neutral');
INSERT INTO roster_era VALUES(2001,27,'RAW','face');
INSERT INTO roster_era VALUES(2001,28,'RAW','face');
INSERT INTO roster_era VALUES(2001,29,'RAW','heel');
INSERT INTO roster_era VALUES(2001,30,'SmackDown','face');
INSERT INTO roster_era VALUES(2001,31,'SmackDown','face');
INSERT INTO roster_era VALUES(2001,32,'SmackDown','heel');
INSERT INTO roster_era VALUES(2001,33,'SmackDown','heel');
INSERT INTO roster_era VALUES(2001,34,'RAW','face');
INSERT INTO roster_era VALUES(2001,35,'SmackDown','neutral');
INSERT INTO roster_era VALUES(2001,36,'SmackDown','face');
INSERT INTO roster_era VALUES(2001,37,'RAW','face');
INSERT INTO roster_era VALUES(2001,40,'RAW','face');
INSERT INTO roster_era VALUES(2001,41,'RAW','neutral');
INSERT INTO roster_era VALUES(2001,42,'SmackDown','neutral');
INSERT INTO roster_era VALUES(2001,43,'RAW','heel');
INSERT INTO roster_era VALUES(2001,44,'SmackDown','heel');
INSERT INTO roster_era VALUES(2001,45,'RAW','face');
INSERT INTO roster_era VALUES(2001,46,'RAW','face');
INSERT INTO roster_era VALUES(2001,47,'RAW','heel');
INSERT INTO roster_era VALUES(2001,48,'SmackDown','heel');
INSERT INTO roster_era VALUES(2001,49,'RAW','heel');
INSERT INTO roster_era VALUES(2001,52,'SmackDown','face');
INSERT INTO roster_era VALUES(2001,53,'SmackDown','heel');
INSERT INTO roster_era VALUES(2001,56,'Free Agency','face');
INSERT INTO roster_era VALUES(2001,58,'Free Agency','face');
INSERT INTO roster_era VALUES(2001,61,'Free Agency','heel');
INSERT INTO roster_era VALUES(2001,62,'Free Agency','heel');
INSERT INTO roster_era VALUES(2001,63,'Free Agency','face');
INSERT INTO roster_era VALUES(2001,64,'Free Agency','face');
INSERT INTO roster_era VALUES(2001,65,'Free Agency','heel');
INSERT INTO roster_era VALUES(2001,66,'Free Agency','heel');
INSERT INTO roster_era VALUES(2001,67,'Free Agency','face');
INSERT INTO roster_era VALUES(2001,68,'Free Agency','neutral');
INSERT INTO roster_era VALUES(2001,69,'Free Agency','face');
INSERT INTO roster_era VALUES(2001,71,'Free Agency','face');
INSERT INTO roster_era VALUES(2001,72,'Free Agency','face');
INSERT INTO roster_era VALUES(2001,73,'Free Agency','heel');
INSERT INTO roster_era VALUES(2001,74,'Free Agency','heel');
INSERT INTO roster_era VALUES(2001,75,'Free Agency','face');
INSERT INTO roster_era VALUES(2001,76,'Free Agency','heel');
INSERT INTO roster_era VALUES(2001,77,'Free Agency','neutral');
INSERT INTO roster_era VALUES(2001,78,'Free Agency','neutral');
INSERT INTO roster_era VALUES(2001,79,'Free Agency','face');
INSERT INTO roster_era VALUES(2001,82,'Free Agency','heel');
INSERT INTO roster_era VALUES(2001,84,'Free Agency','heel');
INSERT INTO roster_era VALUES(2001,85,'RAW','face');
INSERT INTO roster_era VALUES(2001,86,'SmackDown','face');
INSERT INTO roster_era VALUES(2001,87,'RAW','neutral');
INSERT INTO roster_era VALUES(2001,88,'RAW','heel');
INSERT INTO roster_era VALUES(2001,89,'SmackDown','heel');
INSERT INTO roster_era VALUES(2001,91,'RAW','heel');
INSERT INTO roster_era VALUES(2001,92,'RAW','face');
INSERT INTO roster_era VALUES(2001,93,'SmackDown','face');
INSERT INTO roster_era VALUES(2001,94,'RAW','heel');
INSERT INTO roster_era VALUES(2001,95,'SmackDown','heel');
INSERT INTO roster_era VALUES(2001,96,'SmackDown','face');
INSERT INTO roster_era VALUES(2001,97,'RAW','neutral');
INSERT INTO roster_era VALUES(2001,98,'RAW','face');
INSERT INTO roster_era VALUES(200404,99,'RAW','heel');
INSERT INTO roster_era VALUES(200404,100,'SD','heel');
INSERT INTO roster_era VALUES(200404,37,'RAW','heel');
INSERT INTO roster_era VALUES(200404,101,'RAW','heel');
INSERT INTO roster_era VALUES(200404,8,'RAW','heel');
INSERT INTO roster_era VALUES(200404,28,'RAW','face');
INSERT INTO roster_era VALUES(200404,52,'SD','face');
INSERT INTO roster_era VALUES(200404,17,'RAW','face');
INSERT INTO roster_era VALUES(200404,23,'RAW','heel');
INSERT INTO roster_era VALUES(200404,102,'RAW','heel');
INSERT INTO roster_era VALUES(200404,103,'SD','heel');
INSERT INTO roster_era VALUES(200404,10,'RAW','face');
INSERT INTO roster_era VALUES(200404,9,'RAW','heel');
INSERT INTO roster_era VALUES(200404,14,'RAW','heel');
INSERT INTO roster_era VALUES(200404,32,'SD','heel');
INSERT INTO roster_era VALUES(200404,24,'RAW','heel');
INSERT INTO roster_era VALUES(200404,104,'RAW','heel');
INSERT INTO roster_era VALUES(200404,105,'SD','heel');
INSERT INTO roster_era VALUES(200404,106,'RAW','heel');
INSERT INTO roster_era VALUES(200404,11,'SD','face');
INSERT INTO roster_era VALUES(200404,13,'RAW','heel');
INSERT INTO roster_era VALUES(200404,107,'SD','face');
INSERT INTO roster_era VALUES(200404,108,'RAW','heel');
INSERT INTO roster_era VALUES(200404,109,'RAW','heel');
INSERT INTO roster_era VALUES(200404,35,'SD','heel');
INSERT INTO roster_era VALUES(200404,34,'RAW','face');
INSERT INTO roster_era VALUES(200404,88,'FA','neutral');
INSERT INTO roster_era VALUES(200404,110,'SD','heel');
INSERT INTO roster_era VALUES(200404,111,'RAW','heel');
INSERT INTO roster_era VALUES(200404,25,'SD','heel');
INSERT INTO roster_era VALUES(200404,112,'SD','face');
INSERT INTO roster_era VALUES(200404,113,'FA','heel');
INSERT INTO roster_era VALUES(200404,114,'SD','heel');
INSERT INTO roster_era VALUES(200404,7,'RAW','face');
INSERT INTO roster_era VALUES(200404,5,'SD','heel');
INSERT INTO roster_era VALUES(200404,48,'FA','neutral');
INSERT INTO roster_era VALUES(200404,85,'RAW','face');
INSERT INTO roster_era VALUES(200404,115,'RAW','heel');
INSERT INTO roster_era VALUES(200404,116,'RAW','heel');
INSERT INTO roster_era VALUES(200404,21,'SD','heel');
INSERT INTO roster_era VALUES(200404,117,'RAW','face');
INSERT INTO roster_era VALUES(200404,92,'RAW','heel');
INSERT INTO roster_era VALUES(200404,73,'SD','heel');
INSERT INTO roster_era VALUES(200404,118,'SD','heel');
INSERT INTO roster_era VALUES(200404,119,'RAW','heel');
INSERT INTO roster_era VALUES(200404,120,'RAW','heel');
INSERT INTO roster_era VALUES(200404,63,'SD','face');
INSERT INTO roster_era VALUES(200404,44,'SD','face');
INSERT INTO roster_era VALUES(200404,121,'SD','heel');
INSERT INTO roster_era VALUES(200404,18,'RAW','face');
INSERT INTO roster_era VALUES(200404,30,'RAW','face');
INSERT INTO roster_era VALUES(200404,122,'SD','heel');
INSERT INTO roster_era VALUES(200404,123,'RAW','heel');
INSERT INTO roster_era VALUES(200404,124,'RAW','face');
INSERT INTO roster_era VALUES(200404,125,'RAW','heel');
INSERT INTO roster_era VALUES(200404,45,'SD','heel');
INSERT INTO roster_era VALUES(200404,16,'RAW','heel');
INSERT INTO roster_era VALUES(200404,1,'RAW','face');
INSERT INTO roster_era VALUES(200404,93,'SD','face');
INSERT INTO roster_era VALUES(200404,86,'RAW','face');
INSERT INTO roster_era VALUES(200404,4,'SD','heel');
INSERT INTO roster_era VALUES(200404,126,'RAW','heel');
INSERT INTO roster_era VALUES(200404,15,'RAW','heel');
INSERT INTO roster_era VALUES(200404,2,'RAW','face');
INSERT INTO roster_era VALUES(200404,3,'RAW','heel');
INSERT INTO roster_era VALUES(200404,6,'RAW','face');
INSERT INTO roster_era VALUES(200404,12,'SD','face');
INSERT INTO roster_era VALUES(200404,20,'RAW','neutral');
INSERT INTO roster_era VALUES(200404,22,'SD','face');
INSERT INTO roster_era VALUES(200404,26,'RAW','neutral');
INSERT INTO roster_era VALUES(200404,27,'RAW','face');
INSERT INTO roster_era VALUES(200404,29,'RAW','heel');
INSERT INTO roster_era VALUES(200404,31,'SD','face');
INSERT INTO roster_era VALUES(200404,33,'SD','heel');
INSERT INTO roster_era VALUES(200404,36,'SD','face');
INSERT INTO roster_era VALUES(200404,40,'RAW','face');
INSERT INTO roster_era VALUES(200404,41,'RAW','neutral');
INSERT INTO roster_era VALUES(200404,42,'SD','neutral');
INSERT INTO roster_era VALUES(200404,43,'RAW','heel');
INSERT INTO roster_era VALUES(200404,46,'RAW','face');
INSERT INTO roster_era VALUES(200404,47,'RAW','heel');
INSERT INTO roster_era VALUES(200404,49,'RAW','heel');
INSERT INTO roster_era VALUES(200404,53,'SD','heel');
INSERT INTO roster_era VALUES(200404,56,'FA','face');
INSERT INTO roster_era VALUES(200404,58,'FA','face');
INSERT INTO roster_era VALUES(200404,61,'FA','heel');
INSERT INTO roster_era VALUES(200404,62,'FA','heel');
INSERT INTO roster_era VALUES(200404,64,'FA','face');
INSERT INTO roster_era VALUES(200404,65,'FA','heel');
INSERT INTO roster_era VALUES(200404,66,'FA','heel');
INSERT INTO roster_era VALUES(200404,67,'FA','face');
INSERT INTO roster_era VALUES(200404,68,'FA','neutral');
INSERT INTO roster_era VALUES(200404,69,'FA','face');
INSERT INTO roster_era VALUES(200404,71,'FA','face');
INSERT INTO roster_era VALUES(200404,72,'FA','face');
INSERT INTO roster_era VALUES(200404,74,'FA','heel');
INSERT INTO roster_era VALUES(200404,75,'FA','face');
INSERT INTO roster_era VALUES(200404,76,'FA','heel');
INSERT INTO roster_era VALUES(200404,77,'FA','neutral');
INSERT INTO roster_era VALUES(200404,78,'FA','neutral');
INSERT INTO roster_era VALUES(200404,79,'FA','face');
INSERT INTO roster_era VALUES(200404,82,'FA','heel');
INSERT INTO roster_era VALUES(200404,84,'FA','heel');
INSERT INTO roster_era VALUES(200404,87,'RAW','neutral');
INSERT INTO roster_era VALUES(200404,89,'SD','heel');
INSERT INTO roster_era VALUES(200404,91,'RAW','heel');
INSERT INTO roster_era VALUES(200404,94,'RAW','heel');
INSERT INTO roster_era VALUES(200404,95,'SD','heel');
INSERT INTO roster_era VALUES(200404,96,'SD','face');
INSERT INTO roster_era VALUES(200404,97,'RAW','neutral');
INSERT INTO roster_era VALUES(200404,98,'RAW','face');
CREATE TABLE contracts (
  era           INTEGER NOT NULL,
  wrestler_id   INTEGER NOT NULL,
  annual        INTEGER NOT NULL,
  PRIMARY KEY (era, wrestler_id),
  FOREIGN KEY (wrestler_id) REFERENCES wrestlers(id) ON DELETE CASCADE
);
INSERT INTO contracts VALUES(2001,1,2500000);
INSERT INTO contracts VALUES(2001,2,2500000);
INSERT INTO contracts VALUES(2001,3,2000000);
INSERT INTO contracts VALUES(2001,4,1600000);
INSERT INTO contracts VALUES(2001,5,1200000);
INSERT INTO contracts VALUES(2001,6,750000);
INSERT INTO contracts VALUES(2001,7,900000);
INSERT INTO contracts VALUES(2001,8,850000);
INSERT INTO contracts VALUES(2001,9,900000);
INSERT INTO contracts VALUES(2001,10,800000);
INSERT INTO contracts VALUES(2001,11,600000);
INSERT INTO contracts VALUES(2001,12,450000);
INSERT INTO contracts VALUES(2001,13,600000);
INSERT INTO contracts VALUES(2001,14,400000);
INSERT INTO contracts VALUES(2001,15,350000);
INSERT INTO contracts VALUES(2001,16,350000);
INSERT INTO contracts VALUES(2001,17,750000);
INSERT INTO contracts VALUES(2001,18,700000);
INSERT INTO contracts VALUES(2001,20,402400);
INSERT INTO contracts VALUES(2001,21,500000);
INSERT INTO contracts VALUES(2001,22,500000);
INSERT INTO contracts VALUES(2001,23,450000);
INSERT INTO contracts VALUES(2001,24,450000);
INSERT INTO contracts VALUES(2001,25,450000);
INSERT INTO contracts VALUES(2001,26,450000);
INSERT INTO contracts VALUES(2001,27,350000);
INSERT INTO contracts VALUES(2001,28,400000);
INSERT INTO contracts VALUES(2001,29,400000);
INSERT INTO contracts VALUES(2001,30,250000);
INSERT INTO contracts VALUES(2001,31,220000);
INSERT INTO contracts VALUES(2001,32,250000);
INSERT INTO contracts VALUES(2001,33,250000);
INSERT INTO contracts VALUES(2001,34,280000);
INSERT INTO contracts VALUES(2001,35,300000);
INSERT INTO contracts VALUES(2001,36,200000);
INSERT INTO contracts VALUES(2001,37,250000);
INSERT INTO contracts VALUES(2001,40,250000);
INSERT INTO contracts VALUES(2001,41,300000);
INSERT INTO contracts VALUES(2001,42,300000);
INSERT INTO contracts VALUES(2001,43,300000);
INSERT INTO contracts VALUES(2001,44,300000);
INSERT INTO contracts VALUES(2001,45,250000);
INSERT INTO contracts VALUES(2001,46,250000);
INSERT INTO contracts VALUES(2001,47,220000);
INSERT INTO contracts VALUES(2001,48,320000);
INSERT INTO contracts VALUES(2001,49,300000);
INSERT INTO contracts VALUES(2001,52,320000);
INSERT INTO contracts VALUES(2001,53,280000);
INSERT INTO contracts VALUES(2001,85,250000);
INSERT INTO contracts VALUES(2001,86,250000);
INSERT INTO contracts VALUES(2001,87,600000);
INSERT INTO contracts VALUES(2001,88,220000);
INSERT INTO contracts VALUES(2001,89,250000);
INSERT INTO contracts VALUES(2001,91,180000);
INSERT INTO contracts VALUES(2001,92,220000);
INSERT INTO contracts VALUES(2001,93,200000);
INSERT INTO contracts VALUES(2001,94,200000);
INSERT INTO contracts VALUES(2001,95,1008000);
INSERT INTO contracts VALUES(2001,96,798400);
INSERT INTO contracts VALUES(2001,97,401600);
INSERT INTO contracts VALUES(2001,98,301200);
INSERT INTO contracts VALUES(200404,99,250000);
INSERT INTO contracts VALUES(200404,100,120000);
INSERT INTO contracts VALUES(200404,101,320000);
INSERT INTO contracts VALUES(200404,102,220000);
INSERT INTO contracts VALUES(200404,103,260000);
INSERT INTO contracts VALUES(200404,104,120000);
INSERT INTO contracts VALUES(200404,105,110000);
INSERT INTO contracts VALUES(200404,106,120000);
INSERT INTO contracts VALUES(200404,107,90000);
INSERT INTO contracts VALUES(200404,108,120000);
INSERT INTO contracts VALUES(200404,109,130000);
INSERT INTO contracts VALUES(200404,110,140000);
INSERT INTO contracts VALUES(200404,111,150000);
INSERT INTO contracts VALUES(200404,112,300000);
INSERT INTO contracts VALUES(200404,113,80000);
INSERT INTO contracts VALUES(200404,114,180000);
INSERT INTO contracts VALUES(200404,115,300000);
INSERT INTO contracts VALUES(200404,116,140000);
INSERT INTO contracts VALUES(200404,117,220000);
INSERT INTO contracts VALUES(200404,73,120000);
INSERT INTO contracts VALUES(200404,118,90000);
INSERT INTO contracts VALUES(200404,119,350000);
INSERT INTO contracts VALUES(200404,120,160000);
INSERT INTO contracts VALUES(200404,63,900000);
INSERT INTO contracts VALUES(200404,121,150000);
INSERT INTO contracts VALUES(200404,122,110000);
INSERT INTO contracts VALUES(200404,123,280000);
INSERT INTO contracts VALUES(200404,124,180000);
INSERT INTO contracts VALUES(200404,125,160000);
INSERT INTO contracts VALUES(200404,126,260000);
INSERT INTO contracts VALUES(200404,1,2500000);
INSERT INTO contracts VALUES(200404,4,1600000);
INSERT INTO contracts VALUES(200404,5,1200000);
INSERT INTO contracts VALUES(200404,7,900000);
INSERT INTO contracts VALUES(200404,8,850000);
INSERT INTO contracts VALUES(200404,9,900000);
INSERT INTO contracts VALUES(200404,10,800000);
INSERT INTO contracts VALUES(200404,11,600000);
INSERT INTO contracts VALUES(200404,13,600000);
INSERT INTO contracts VALUES(200404,14,400000);
INSERT INTO contracts VALUES(200404,15,350000);
INSERT INTO contracts VALUES(200404,16,350000);
INSERT INTO contracts VALUES(200404,17,750000);
INSERT INTO contracts VALUES(200404,18,700000);
INSERT INTO contracts VALUES(200404,21,500000);
INSERT INTO contracts VALUES(200404,23,450000);
INSERT INTO contracts VALUES(200404,24,450000);
INSERT INTO contracts VALUES(200404,25,450000);
INSERT INTO contracts VALUES(200404,28,400000);
INSERT INTO contracts VALUES(200404,30,250000);
INSERT INTO contracts VALUES(200404,32,250000);
INSERT INTO contracts VALUES(200404,34,280000);
INSERT INTO contracts VALUES(200404,35,300000);
INSERT INTO contracts VALUES(200404,37,250000);
INSERT INTO contracts VALUES(200404,44,300000);
INSERT INTO contracts VALUES(200404,45,250000);
INSERT INTO contracts VALUES(200404,48,320000);
INSERT INTO contracts VALUES(200404,52,320000);
INSERT INTO contracts VALUES(200404,85,250000);
INSERT INTO contracts VALUES(200404,86,250000);
INSERT INTO contracts VALUES(200404,88,220000);
INSERT INTO contracts VALUES(200404,92,220000);
INSERT INTO contracts VALUES(200404,93,200000);
INSERT INTO contracts VALUES(200404,2,2500000);
INSERT INTO contracts VALUES(200404,3,2000000);
INSERT INTO contracts VALUES(200404,6,750000);
INSERT INTO contracts VALUES(200404,12,450000);
INSERT INTO contracts VALUES(200404,20,402400);
INSERT INTO contracts VALUES(200404,22,500000);
INSERT INTO contracts VALUES(200404,26,450000);
INSERT INTO contracts VALUES(200404,27,350000);
INSERT INTO contracts VALUES(200404,29,400000);
INSERT INTO contracts VALUES(200404,31,220000);
INSERT INTO contracts VALUES(200404,33,250000);
INSERT INTO contracts VALUES(200404,36,200000);
INSERT INTO contracts VALUES(200404,40,250000);
INSERT INTO contracts VALUES(200404,41,300000);
INSERT INTO contracts VALUES(200404,42,300000);
INSERT INTO contracts VALUES(200404,43,300000);
INSERT INTO contracts VALUES(200404,46,250000);
INSERT INTO contracts VALUES(200404,47,220000);
INSERT INTO contracts VALUES(200404,49,300000);
INSERT INTO contracts VALUES(200404,53,280000);
INSERT INTO contracts VALUES(200404,87,600000);
INSERT INTO contracts VALUES(200404,89,250000);
INSERT INTO contracts VALUES(200404,91,180000);
INSERT INTO contracts VALUES(200404,94,200000);
INSERT INTO contracts VALUES(200404,95,1008000);
INSERT INTO contracts VALUES(200404,96,798400);
INSERT INTO contracts VALUES(200404,97,401600);
INSERT INTO contracts VALUES(200404,98,301200);
CREATE TABLE attributes (
  era           INTEGER NOT NULL,
  wrestler_id   INTEGER NOT NULL,

  starpower     INTEGER, workrate INTEGER, charisma INTEGER, mic INTEGER, psychology INTEGER,
  stamina       INTEGER, durability INTEGER, consistency INTEGER, likeability INTEGER, momentum INTEGER,

  -- store tags as JSON text (SQLite doesn’t have real arrays)
  styleTags_json TEXT,

  PRIMARY KEY (era, wrestler_id),
  FOREIGN KEY (wrestler_id) REFERENCES wrestlers(id) ON DELETE CASCADE
);
INSERT INTO attributes VALUES(2001,1,99,77,99,99,82,86,84,86,93,70,'["Main Event","Showman"]');
INSERT INTO attributes VALUES(2001,2,98,74,96,95,84,82,88,88,90,68,'["Main Event","Brawler"]');
INSERT INTO attributes VALUES(2001,3,95,84,88,88,90,83,86,90,72,65,'["Main Event","Powerhouse"]');
INSERT INTO attributes VALUES(2001,4,96,76,84,80,86,80,90,85,85,66,'["Main Event","Powerhouse"]');
INSERT INTO attributes VALUES(2001,5,92,92,86,86,92,86,84,92,78,64,'["Main Event","Technical"]');
INSERT INTO attributes VALUES(2001,6,90,72,90,92,85,78,82,80,88,62,'["Hardcore","Showman"]');
INSERT INTO attributes VALUES(2001,7,90,71,72,70,78,84,90,82,88,72,'["Powerhouse"]');
INSERT INTO attributes VALUES(2001,8,88,66,68,66,74,76,92,76,70,60,'["Giant","Powerhouse"]');
INSERT INTO attributes VALUES(2001,9,89,84,88,88,84,82,78,86,83,70,'["Technical","Showman"]');
INSERT INTO attributes VALUES(2001,10,84,93,60,60,94,86,84,94,70,68,'["Technical"]');
INSERT INTO attributes VALUES(2001,11,86,90,82,82,90,84,78,90,78,66,'["Technical"]');
INSERT INTO attributes VALUES(2001,12,78,68,70,68,72,80,80,74,82,64,'["Powerhouse"]');
INSERT INTO attributes VALUES(2001,13,86,82,78,78,80,82,78,82,84,66,'["All-Rounder"]');
INSERT INTO attributes VALUES(2001,14,80,80,76,76,80,78,76,84,68,60,'["All-Rounder"]');
INSERT INTO attributes VALUES(2001,15,74,84,72,72,90,78,78,90,60,56,'["Technical"]');
INSERT INTO attributes VALUES(2001,16,76,70,64,64,70,78,82,72,58,56,'["Powerhouse"]');
INSERT INTO attributes VALUES(2001,17,88,85,82,82,84,84,80,86,88,74,'["All-Rounder"]');
INSERT INTO attributes VALUES(2001,18,86,88,78,76,80,86,72,84,84,72,'["High Flyer"]');
INSERT INTO attributes VALUES(2001,20,78,68,80,80,76,74,74,80,72,60,'["Character"]');
INSERT INTO attributes VALUES(2001,21,78,80,72,72,78,86,70,84,82,64,'["High Flyer"]');
INSERT INTO attributes VALUES(2001,22,86,82,76,74,74,88,64,76,88,68,'["High Flyer"]');
INSERT INTO attributes VALUES(2001,23,74,72,70,70,78,78,82,80,68,58,'["Brawler","Tag Specialist"]');
INSERT INTO attributes VALUES(2001,24,72,72,68,68,78,78,80,80,64,56,'["Brawler","Tag Specialist"]');
INSERT INTO attributes VALUES(2001,25,76,70,64,64,72,78,84,76,60,56,'["Brawler","Powerhouse"]');
INSERT INTO attributes VALUES(2001,26,74,68,62,62,72,76,84,76,60,54,'["Brawler","Powerhouse"]');
INSERT INTO attributes VALUES(2001,27,74,62,78,78,70,70,70,72,76,56,'["Showman"]');
INSERT INTO attributes VALUES(2001,28,78,70,68,68,72,78,78,74,70,56,'["Powerhouse"]');
INSERT INTO attributes VALUES(2001,29,78,80,70,70,76,82,70,78,64,58,'["Cruiser"]');
INSERT INTO attributes VALUES(2001,30,70,68,72,72,70,80,68,76,78,56,'["Showman"]');
INSERT INTO attributes VALUES(2001,31,70,68,72,72,68,78,68,72,76,54,'["Showman"]');
INSERT INTO attributes VALUES(2001,32,72,70,62,62,70,78,80,72,58,54,'["Powerhouse"]');
INSERT INTO attributes VALUES(2001,33,74,72,62,62,70,80,80,72,58,54,'["Powerhouse"]');
INSERT INTO attributes VALUES(2001,34,74,72,78,78,72,80,70,78,82,58,'["Character","Cruiser"]');
INSERT INTO attributes VALUES(2001,35,70,74,60,60,76,78,80,82,56,52,'["Brawler"]');
INSERT INTO attributes VALUES(2001,36,64,66,62,62,68,78,64,74,68,52,'["Cruiser"]');
INSERT INTO attributes VALUES(2001,37,68,72,66,66,76,74,70,78,68,56,'["All-Rounder"]');
INSERT INTO attributes VALUES(2001,40,66,74,56,56,74,78,76,82,58,54,'["Striker"]');
INSERT INTO attributes VALUES(2001,41,70,72,66,66,74,76,74,76,64,54,'["All-Rounder"]');
INSERT INTO attributes VALUES(2001,42,74,76,64,64,82,74,82,82,58,54,'["Brawler","Suplex"]');
INSERT INTO attributes VALUES(2001,43,72,68,76,76,82,74,76,78,62,54,'["Hardcore","Psychology"]');
INSERT INTO attributes VALUES(2001,44,76,74,60,60,74,76,84,76,58,56,'["Powerhouse"]');
INSERT INTO attributes VALUES(2001,45,74,82,62,62,78,80,68,82,70,56,'["Cruiser","Striker"]');
INSERT INTO attributes VALUES(2001,46,70,68,66,66,72,78,78,72,68,54,'["Hardcore"]');
INSERT INTO attributes VALUES(2001,47,68,72,62,62,74,76,70,76,58,52,'["All-Rounder"]');
INSERT INTO attributes VALUES(2001,48,74,88,58,58,90,80,76,92,56,56,'["Technical"]');
INSERT INTO attributes VALUES(2001,49,74,78,60,60,74,80,82,76,58,54,'["Power Cruiser"]');
INSERT INTO attributes VALUES(2001,52,76,84,62,62,76,84,68,80,74,56,'["High Flyer"]');
INSERT INTO attributes VALUES(2001,53,72,82,62,62,82,80,70,82,62,54,'["Technical"]');
INSERT INTO attributes VALUES(2001,56,95,80,85,80,85,80,85,88,85,60,'["Legend","Main Event","All-Rounder","Veteran"]');
INSERT INTO attributes VALUES(2001,58,96,86,94,95,95,76,74,92,80,60,'["Legend","Technical","Veteran"]');
INSERT INTO attributes VALUES(2001,61,86,74,82,82,80,74,78,80,75,58,'["All-Rounder","Veteran"]');
INSERT INTO attributes VALUES(2001,62,88,78,70,68,78,82,86,78,65,58,'["Powerhouse","Suplex"]');
INSERT INTO attributes VALUES(2001,63,86,90,78,74,80,86,66,84,88,64,'["High Flyer","Cruiser"]');
INSERT INTO attributes VALUES(2001,64,78,84,72,70,78,82,64,78,74,60,'["High Flyer","Cruiser"]');
INSERT INTO attributes VALUES(2001,65,76,80,68,66,76,80,66,76,70,58,'["High Flyer","Cruiser"]');
INSERT INTO attributes VALUES(2001,66,80,76,84,80,78,78,74,78,82,60,'["Showman","Luchador"]');
INSERT INTO attributes VALUES(2001,67,82,70,84,84,74,72,70,72,78,58,'["Showman"]');
INSERT INTO attributes VALUES(2001,68,80,74,60,58,68,82,62,60,70,60,'["Hardcore","High Flyer","Daredevil"]');
INSERT INTO attributes VALUES(2001,69,74,52,66,66,58,70,68,58,72,52,'["Hardcore","Brawler"]');
INSERT INTO attributes VALUES(2001,71,76,82,70,68,76,82,66,76,74,58,'["High Flyer"]');
INSERT INTO attributes VALUES(2001,72,72,78,66,66,74,80,64,74,70,56,'["Cruiser","High Flyer"]');
INSERT INTO attributes VALUES(2001,73,70,78,62,62,80,78,66,82,64,54,'["Technical"]');
INSERT INTO attributes VALUES(2001,74,76,74,76,76,78,78,72,80,68,56,'["Brawler","Technical"]');
INSERT INTO attributes VALUES(2001,75,76,84,70,68,74,84,66,78,76,58,'["High Flyer"]');
INSERT INTO attributes VALUES(2001,76,74,82,72,72,82,80,74,84,70,56,'["All-Rounder"]');
INSERT INTO attributes VALUES(2001,77,78,80,66,66,76,86,82,80,70,56,'["Powerhouse","Striker"]');
INSERT INTO attributes VALUES(2001,78,72,84,60,60,78,84,66,78,66,56,'["Striker","High Flyer"]');
INSERT INTO attributes VALUES(2001,79,88,90,78,76,88,82,78,92,80,60,'["Legend","High Flyer","Technical","Veteran"]');
INSERT INTO attributes VALUES(2001,82,78,74,78,74,72,76,72,74,76,56,'["Character"]');
INSERT INTO attributes VALUES(2001,84,78,68,76,74,70,74,72,72,72,54,'["Showman"]');
INSERT INTO attributes VALUES(2001,85,82,78,80,76,74,82,68,78,88,68,'["High Flyer"]');
INSERT INTO attributes VALUES(2001,86,84,74,82,80,74,80,68,80,90,66,'["Showman"]');
INSERT INTO attributes VALUES(2001,87,88,72,68,66,74,80,86,74,76,62,'["Powerhouse"]');
INSERT INTO attributes VALUES(2001,88,72,70,70,70,74,78,70,80,68,56,'["All-Rounder"]');
INSERT INTO attributes VALUES(2001,89,76,45,78,80,68,60,60,68,60,54,'["Manager","Authority"]');
INSERT INTO attributes VALUES(2001,91,66,60,64,64,66,70,66,68,60,52,'["Manager"]');
INSERT INTO attributes VALUES(2001,92,74,78,70,70,76,82,70,84,82,60,'["Technical"]');
INSERT INTO attributes VALUES(2001,93,78,58,76,74,64,70,64,66,82,56,'["Showman"]');
INSERT INTO attributes VALUES(2001,94,78,52,78,76,62,68,62,64,80,54,'["Manager","Showman"]');
INSERT INTO attributes VALUES(2001,95,88,40,92,92,76,60,72,76,50,60,'["Authority","Showman"]');
INSERT INTO attributes VALUES(2001,96,84,60,82,80,70,74,70,72,74,60,'["Daredevil"]');
INSERT INTO attributes VALUES(2001,97,78,50,84,84,76,62,66,78,70,54,'["Announcer","Showman"]');
INSERT INTO attributes VALUES(2001,98,70,40,88,88,78,58,60,80,82,54,'["Announcer"]');
INSERT INTO attributes VALUES(200404,99,62,60,55,50,55,65,65,60,42,48,'["Powerhouse","Brawler"]');
INSERT INTO attributes VALUES(200404,100,50,62,50,40,55,70,60,56,45,45,'["Cruiserweight","HighFlyer"]');
INSERT INTO attributes VALUES(200404,37,55,62,58,60,70,55,60,62,50,35,'["Brawler","Technician","Veteran"]');
INSERT INTO attributes VALUES(200404,101,72,62,68,45,58,70,78,60,45,65,'["Powerhouse","Enforcer"]');
INSERT INTO attributes VALUES(200404,8,78,60,70,62,65,55,72,55,55,50,'["Giant","Powerhouse","Monster"]');
INSERT INTO attributes VALUES(200404,28,58,60,62,55,58,62,65,60,55,40,'["TagSpecialist","Athletic","Brawler"]');
INSERT INTO attributes VALUES(200404,52,60,70,55,45,62,72,60,65,60,52,'["Cruiserweight","HighFlyer","TagSpecialist"]');
INSERT INTO attributes VALUES(200404,17,86,75,80,72,72,76,70,74,72,58,'["MainEvent","Athletic","Striker"]');
INSERT INTO attributes VALUES(200404,23,70,65,68,65,66,68,70,65,45,55,'["TagSpecialist","Brawler","Hardcore"]');
INSERT INTO attributes VALUES(200404,102,58,70,50,40,68,72,68,66,50,55,'["Technician","TagSpecialist","Amateur"]');
INSERT INTO attributes VALUES(200404,103,62,72,60,58,70,68,65,68,50,52,'["Technician","Cruiserweight","Veteran"]');
INSERT INTO attributes VALUES(200404,10,82,92,65,55,90,85,72,88,68,88,'["Technician","Workhorse","Submission"]');
INSERT INTO attributes VALUES(200404,9,84,80,82,85,78,74,66,78,55,52,'["Showman","Technician","Workhorse"]');
INSERT INTO attributes VALUES(200404,14,74,72,78,80,70,70,65,72,50,54,'["Showman","Technician","TagSpecialist"]');
INSERT INTO attributes VALUES(200404,32,54,58,52,45,55,62,68,55,45,40,'["Powerhouse","Brawler"]');
INSERT INTO attributes VALUES(200404,24,66,63,60,55,64,66,72,64,45,55,'["TagSpecialist","Brawler","Hardcore"]');
INSERT INTO attributes VALUES(200404,104,48,58,45,40,55,60,65,56,42,50,'["TagSpecialist","Brawler"]');
INSERT INTO attributes VALUES(200404,105,56,35,68,55,40,40,45,50,38,48,'["Valet","Character"]');
INSERT INTO attributes VALUES(200404,106,48,58,45,40,55,60,65,56,42,50,'["TagSpecialist","Brawler"]');
INSERT INTO attributes VALUES(200404,11,88,90,85,78,92,82,70,88,85,90,'["MainEvent","Technician","Workhorse","Showman"]');
INSERT INTO attributes VALUES(200404,13,82,80,78,75,78,75,68,76,55,70,'["MainEvent","Opportunist","Workhorse"]');
INSERT INTO attributes VALUES(200404,107,46,58,48,42,55,62,60,58,55,40,'["Cruiserweight","Technician","SafeWorker"]');
INSERT INTO attributes VALUES(200404,108,58,62,60,55,60,65,60,58,48,50,'["WomensDivision","Technician"]');
INSERT INTO attributes VALUES(200404,109,50,55,52,48,54,60,68,56,45,48,'["Powerhouse","TagSpecialist","Developing"]');
INSERT INTO attributes VALUES(200404,35,56,62,50,48,64,65,70,66,45,42,'["Brawler","Hardcore","Veteran"]');
INSERT INTO attributes VALUES(200404,34,64,65,72,68,60,70,65,62,70,55,'["Character","Cruiserweight","Athletic"]');
INSERT INTO attributes VALUES(200404,88,48,55,55,52,58,55,58,60,55,30,'["WomensDivision","Veteran","SafeWorker"]');
INSERT INTO attributes VALUES(200404,110,52,68,55,50,65,72,62,66,45,50,'["Cruiserweight","Technician","Workhorse"]');
INSERT INTO attributes VALUES(200404,111,60,68,55,52,65,70,68,66,45,48,'["WomensDivision","Brawler","Workhorse"]');
INSERT INTO attributes VALUES(200404,25,72,65,70,68,70,68,72,66,40,62,'["Brawler","Powerhouse","Character"]');
INSERT INTO attributes VALUES(200404,112,65,68,70,65,60,72,70,58,68,62,'["RisingStar","Powerhouse","Athletic"]');
INSERT INTO attributes VALUES(200404,113,44,58,62,55,50,65,60,50,45,40,'["Developing","Athletic","Showman"]');
INSERT INTO attributes VALUES(200404,114,52,45,50,40,48,60,68,45,38,52,'["Monster","Powerhouse","Developing"]');
INSERT INTO attributes VALUES(200404,7,85,70,78,65,70,72,78,72,68,60,'["Monster","Powerhouse","MainEvent"]');
INSERT INTO attributes VALUES(200404,5,88,92,75,72,95,80,65,90,55,78,'["MainEvent","Technician","Amateur","Submission"]');
INSERT INTO attributes VALUES(200404,48,52,74,45,40,78,68,65,72,50,25,'["Technician","SafeWorker","Veteran"]');
INSERT INTO attributes VALUES(200404,85,75,65,80,68,65,60,62,64,78,72,'["WomensDivision","Showman","FanFavorite"]');
INSERT INTO attributes VALUES(200404,115,60,50,58,52,55,55,72,50,45,45,'["Powerhouse","Strongman","Attraction"]');
INSERT INTO attributes VALUES(200404,116,50,55,55,48,50,65,70,48,45,42,'["Powerhouse","Athletic","Developing"]');
INSERT INTO attributes VALUES(200404,21,72,70,68,65,72,75,68,72,50,58,'["UpperMidcard","Technician","Workhorse"]');
INSERT INTO attributes VALUES(200404,117,58,60,62,58,58,70,65,60,60,48,'["Athletic","Midcard","Babyface"]');
INSERT INTO attributes VALUES(200404,92,62,70,55,52,72,68,65,74,48,55,'["WomensDivision","Technician","SafeWorker"]');
INSERT INTO attributes VALUES(200404,73,50,70,48,45,72,70,62,68,45,48,'["Cruiserweight","Technician","Workhorse"]');
INSERT INTO attributes VALUES(200404,118,42,55,45,40,50,62,60,48,42,45,'["Developing","Athletic"]');
INSERT INTO attributes VALUES(200404,119,68,72,70,62,68,74,72,62,45,70,'["RisingStar","Athletic","Technician"]');
INSERT INTO attributes VALUES(200404,120,54,60,58,50,56,65,66,58,45,50,'["TagSpecialist","Athletic","Developing"]');
INSERT INTO attributes VALUES(200404,63,86,88,82,70,78,90,60,84,90,80,'["Cruiserweight","HighFlyer","FanFavorite","MainEvent"]');
INSERT INTO attributes VALUES(200404,44,62,60,58,50,62,60,68,64,60,45,'["Powerhouse","Brawler","HardHitter"]');
INSERT INTO attributes VALUES(200404,121,55,52,72,68,55,60,62,54,40,48,'["Character","Showman","Entertainer"]');
INSERT INTO attributes VALUES(200404,18,88,85,80,60,75,88,62,78,90,70,'["HighFlyer","Hardcore","FanFavorite","MainEvent"]');
INSERT INTO attributes VALUES(200404,30,60,58,70,62,55,65,60,58,78,52,'["TagSpecialist","Character","FanFavorite"]');
INSERT INTO attributes VALUES(200404,122,50,62,58,50,55,70,58,54,45,48,'["Cruiserweight","HighEnergy","Athletic"]');
INSERT INTO attributes VALUES(200404,123,62,78,60,48,68,82,72,66,55,70,'["Athletic","Technician","RisingStar"]');
INSERT INTO attributes VALUES(200404,124,55,58,60,55,60,68,50,56,70,50,'["Underdog","Hardcore","TagSpecialist"]');
INSERT INTO attributes VALUES(200404,125,52,62,58,60,65,68,62,66,45,40,'["Technician","Utility","Veteran"]');
INSERT INTO attributes VALUES(200404,45,60,72,55,40,70,75,65,68,48,55,'["Cruiserweight","Striker","Technician"]');
INSERT INTO attributes VALUES(200404,16,66,62,60,58,60,68,70,62,45,50,'["Powerhouse","BigMan","UpperMidcard"]');
INSERT INTO attributes VALUES(200404,1,95,78,99,99,85,65,70,80,95,75,'["MainEvent","Showman","SpecialAttraction"]');
INSERT INTO attributes VALUES(200404,93,72,45,78,60,50,55,55,52,80,65,'["WomensDivision","Valet","FanFavorite"]');
INSERT INTO attributes VALUES(200404,86,82,68,85,72,65,62,60,68,82,75,'["WomensDivision","MainEvent","FanFavorite","Showman"]');
INSERT INTO attributes VALUES(200404,4,94,70,90,72,90,60,68,85,70,78,'["MainEvent","SpecialAttraction","Powerhouse","Psychology"]');
INSERT INTO attributes VALUES(200404,126,68,75,62,58,72,68,65,74,45,60,'["WomensDivision","Technician","Aggressive"]');
INSERT INTO attributes VALUES(200404,15,65,76,62,70,85,68,62,82,45,55,'["Technician","Psychology","Veteran","Heel"]');
INSERT INTO attributes VALUES(200404,2,98,74,96,95,84,82,88,88,90,68,'["Main Event","Brawler"]');
INSERT INTO attributes VALUES(200404,3,95,84,88,88,90,83,86,90,72,65,'["Main Event","Powerhouse"]');
INSERT INTO attributes VALUES(200404,6,90,72,90,92,85,78,82,80,88,62,'["Hardcore","Showman"]');
INSERT INTO attributes VALUES(200404,12,78,68,70,68,72,80,80,74,82,64,'["Powerhouse"]');
INSERT INTO attributes VALUES(200404,20,78,68,80,80,76,74,74,80,72,60,'["Character"]');
INSERT INTO attributes VALUES(200404,22,86,82,76,74,74,88,64,76,88,68,'["High Flyer"]');
INSERT INTO attributes VALUES(200404,26,74,68,62,62,72,76,84,76,60,54,'["Brawler","Powerhouse"]');
INSERT INTO attributes VALUES(200404,27,74,62,78,78,70,70,70,72,76,56,'["Showman"]');
INSERT INTO attributes VALUES(200404,29,78,80,70,70,76,82,70,78,64,58,'["Cruiser"]');
INSERT INTO attributes VALUES(200404,31,70,68,72,72,68,78,68,72,76,54,'["Showman"]');
INSERT INTO attributes VALUES(200404,33,74,72,62,62,70,80,80,72,58,54,'["Powerhouse"]');
INSERT INTO attributes VALUES(200404,36,64,66,62,62,68,78,64,74,68,52,'["Cruiser"]');
INSERT INTO attributes VALUES(200404,40,66,74,56,56,74,78,76,82,58,54,'["Striker"]');
INSERT INTO attributes VALUES(200404,41,70,72,66,66,74,76,74,76,64,54,'["All-Rounder"]');
INSERT INTO attributes VALUES(200404,42,74,76,64,64,82,74,82,82,58,54,'["Brawler","Suplex"]');
INSERT INTO attributes VALUES(200404,43,72,68,76,76,82,74,76,78,62,54,'["Hardcore","Psychology"]');
INSERT INTO attributes VALUES(200404,46,70,68,66,66,72,78,78,72,68,54,'["Hardcore"]');
INSERT INTO attributes VALUES(200404,47,68,72,62,62,74,76,70,76,58,52,'["All-Rounder"]');
INSERT INTO attributes VALUES(200404,49,74,78,60,60,74,80,82,76,58,54,'["Power Cruiser"]');
INSERT INTO attributes VALUES(200404,53,72,82,62,62,82,80,70,82,62,54,'["Technical"]');
INSERT INTO attributes VALUES(200404,56,95,80,85,80,85,80,85,88,85,60,'["Legend","Main Event","All-Rounder","Veteran"]');
INSERT INTO attributes VALUES(200404,58,96,86,94,95,95,76,74,92,80,60,'["Legend","Technical","Veteran"]');
INSERT INTO attributes VALUES(200404,61,86,74,82,82,80,74,78,80,75,58,'["All-Rounder","Veteran"]');
INSERT INTO attributes VALUES(200404,62,88,78,70,68,78,82,86,78,65,58,'["Powerhouse","Suplex"]');
INSERT INTO attributes VALUES(200404,64,78,84,72,70,78,82,64,78,74,60,'["High Flyer","Cruiser"]');
INSERT INTO attributes VALUES(200404,65,76,80,68,66,76,80,66,76,70,58,'["High Flyer","Cruiser"]');
INSERT INTO attributes VALUES(200404,66,80,76,84,80,78,78,74,78,82,60,'["Showman","Luchador"]');
INSERT INTO attributes VALUES(200404,67,82,70,84,84,74,72,70,72,78,58,'["Showman"]');
INSERT INTO attributes VALUES(200404,68,80,74,60,58,68,82,62,60,70,60,'["Hardcore","High Flyer","Daredevil"]');
INSERT INTO attributes VALUES(200404,69,74,52,66,66,58,70,68,58,72,52,'["Hardcore","Brawler"]');
INSERT INTO attributes VALUES(200404,71,76,82,70,68,76,82,66,76,74,58,'["High Flyer"]');
INSERT INTO attributes VALUES(200404,72,72,78,66,66,74,80,64,74,70,56,'["Cruiser","High Flyer"]');
INSERT INTO attributes VALUES(200404,74,76,74,76,76,78,78,72,80,68,56,'["Brawler","Technical"]');
INSERT INTO attributes VALUES(200404,75,76,84,70,68,74,84,66,78,76,58,'["High Flyer"]');
INSERT INTO attributes VALUES(200404,76,74,82,72,72,82,80,74,84,70,56,'["All-Rounder"]');
INSERT INTO attributes VALUES(200404,77,78,80,66,66,76,86,82,80,70,56,'["Powerhouse","Striker"]');
INSERT INTO attributes VALUES(200404,78,72,84,60,60,78,84,66,78,66,56,'["Striker","High Flyer"]');
INSERT INTO attributes VALUES(200404,79,88,90,78,76,88,82,78,92,80,60,'["Legend","High Flyer","Technical","Veteran"]');
INSERT INTO attributes VALUES(200404,82,78,74,78,74,72,76,72,74,76,56,'["Character"]');
INSERT INTO attributes VALUES(200404,84,78,68,76,74,70,74,72,72,72,54,'["Showman"]');
INSERT INTO attributes VALUES(200404,87,88,72,68,66,74,80,86,74,76,62,'["Powerhouse"]');
INSERT INTO attributes VALUES(200404,89,76,45,78,80,68,60,60,68,60,54,'["Manager","Authority"]');
INSERT INTO attributes VALUES(200404,91,66,60,64,64,66,70,66,68,60,52,'["Manager"]');
INSERT INTO attributes VALUES(200404,94,78,52,78,76,62,68,62,64,80,54,'["Manager","Showman"]');
INSERT INTO attributes VALUES(200404,95,88,40,92,92,76,60,72,76,50,60,'["Authority","Showman"]');
INSERT INTO attributes VALUES(200404,96,84,60,82,80,70,74,70,72,74,60,'["Daredevil"]');
INSERT INTO attributes VALUES(200404,97,78,50,84,84,76,62,66,78,70,54,'["Announcer","Showman"]');
INSERT INTO attributes VALUES(200404,98,70,40,88,88,78,58,60,80,82,54,'["Announcer"]');
CREATE TABLE traits (
  id            TEXT PRIMARY KEY,   -- e.g. "Showman"
  category      TEXT NOT NULL CHECK (category IN ('core','status','rare')),
  description   TEXT
);
INSERT INTO traits VALUES('CompanyGuy','core',NULL);
INSERT INTO traits VALUES('Politicker','core',NULL);
INSERT INTO traits VALUES('LockerRoomLeader','core',NULL);
INSERT INTO traits VALUES('HeatMagnet','core',NULL);
INSERT INTO traits VALUES('Workhorse','core',NULL);
INSERT INTO traits VALUES('LazyConditioningHeat','core',NULL);
INSERT INTO traits VALUES('Unreliable','core',NULL);
INSERT INTO traits VALUES('Diva','core',NULL);
INSERT INTO traits VALUES('BulldogEnforcer','core',NULL);
INSERT INTO traits VALUES('FanFavorite','core',NULL);
INSERT INTO traits VALUES('Showman','core',NULL);
INSERT INTO traits VALUES('Opportunist','core',NULL);
INSERT INTO traits VALUES('Veteran','core',NULL);
INSERT INTO traits VALUES('Rookie','core',NULL);
INSERT INTO traits VALUES('BatteredBody','core',NULL);
INSERT INTO traits VALUES('Hothead','core',NULL);
INSERT INTO traits VALUES('ProfessionalRivalSeeker','core',NULL);
INSERT INTO traits VALUES('CharismaBlackHole','core',NULL);
INSERT INTO traits VALUES('SafeWorker','core',NULL);
INSERT INTO traits VALUES('StiffWorker','core',NULL);
INSERT INTO traits VALUES('RingGeneral','core',NULL);
INSERT INTO traits VALUES('SpotMonkey','core',NULL);
INSERT INTO traits VALUES('TechnicalAce','core',NULL);
INSERT INTO traits VALUES('Shooter','core',NULL);
INSERT INTO traits VALUES('BrawlerCore','core',NULL);
INSERT INTO traits VALUES('PowerhouseCore','core',NULL);
INSERT INTO traits VALUES('HighFlyerCore','core',NULL);
INSERT INTO traits VALUES('GiantFrame','core',NULL);
INSERT INTO traits VALUES('Innovator','core',NULL);
INSERT INTO traits VALUES('Comedian','core',NULL);
INSERT INTO traits VALUES('SeriousPro','core',NULL);
INSERT INTO traits VALUES('Trainer','core',NULL);
INSERT INTO traits VALUES('TeamPlayer','core',NULL);
INSERT INTO traits VALUES('LoneWolf','core',NULL);
INSERT INTO traits VALUES('CloutChaser','core',NULL);
INSERT INTO traits VALUES('MediaFriendly','core',NULL);
INSERT INTO traits VALUES('StraightEdge','core',NULL);
INSERT INTO traits VALUES('Partier','core',NULL);
INSERT INTO traits VALUES('NoShowRisk','core',NULL);
INSERT INTO traits VALUES('Prankster','core',NULL);
INSERT INTO traits VALUES('Champion','status',NULL);
INSERT INTO traits VALUES('FormerChampion','status',NULL);
INSERT INTO traits VALUES('Married','status',NULL);
INSERT INTO traits VALUES('Lovers','status',NULL);
INSERT INTO traits VALUES('Injured','status',NULL);
INSERT INTO traits VALUES('Suspended','status',NULL);
INSERT INTO traits VALUES('RetiringSoon','status',NULL);
INSERT INTO traits VALUES('OnProbation','status',NULL);
INSERT INTO traits VALUES('Manager','status',NULL);
INSERT INTO traits VALUES('TagTeamSpecialist','status',NULL);
INSERT INTO traits VALUES('StableMember','status',NULL);
INSERT INTO traits VALUES('AuthorityFigure','status',NULL);
INSERT INTO traits VALUES('PartTime','status',NULL);
INSERT INTO traits VALUES('ComebackTour','status',NULL);
INSERT INTO traits VALUES('Developmental','status',NULL);
INSERT INTO traits VALUES('CallUp','status',NULL);
INSERT INTO traits VALUES('OnLoan','status',NULL);
INSERT INTO traits VALUES('BrandCaptain','status',NULL);
INSERT INTO traits VALUES('FreeAgent','status',NULL);
INSERT INTO traits VALUES('DraftProtected','status',NULL);
INSERT INTO traits VALUES('HotStreak','rare',NULL);
INSERT INTO traits VALUES('ColdStreak','rare',NULL);
INSERT INTO traits VALUES('Betrayer','rare',NULL);
INSERT INTO traits VALUES('WellnessStrike','rare',NULL);
INSERT INTO traits VALUES('CourtFavorite','rare',NULL);
INSERT INTO traits VALUES('ProblemCase','rare',NULL);
INSERT INTO traits VALUES('CultFavorite','rare',NULL);
INSERT INTO traits VALUES('Overachiever','rare',NULL);
INSERT INTO traits VALUES('Underachiever','rare',NULL);
INSERT INTO traits VALUES('FlashyRiskTaker','rare',NULL);
INSERT INTO traits VALUES('UnsafeWorker','rare',NULL);
INSERT INTO traits VALUES('Mentor','rare',NULL);
INSERT INTO traits VALUES('ClutchPerformer','rare',NULL);
INSERT INTO traits VALUES('BigMatchChoker','rare',NULL);
INSERT INTO traits VALUES('MediaScandal','rare',NULL);
INSERT INTO traits VALUES('LegalIssue','rare',NULL);
INSERT INTO traits VALUES('PRNightmare','rare',NULL);
INSERT INTO traits VALUES('SurpriseReturn','rare',NULL);
INSERT INTO traits VALUES('CreativeFreedom','rare',NULL);
INSERT INTO traits VALUES('CreativePunishment','rare',NULL);
INSERT INTO traits VALUES('FanBacklash','rare',NULL);
INSERT INTO traits VALUES('FanGroundswell','rare',NULL);
INSERT INTO traits VALUES('InjuryReturnPop','rare',NULL);
INSERT INTO traits VALUES('NoSellControversy','rare',NULL);
INSERT INTO traits VALUES('BotchNight','rare',NULL);
INSERT INTO traits VALUES('WorkrateBuzz','rare',NULL);
INSERT INTO traits VALUES('Sandbagger','rare',NULL);
INSERT INTO traits VALUES('ShootIncident','rare',NULL);
INSERT INTO traits VALUES('WalkoutRisk','rare',NULL);
INSERT INTO traits VALUES('Powerhouse','core','Big, strength-based offensive style');
INSERT INTO traits VALUES('Brawler','core','Scrappy, physical, strike-heavy style');
INSERT INTO traits VALUES('Midcard','status','Primarily positioned midcard in this era');
INSERT INTO traits VALUES('Cruiserweight','core','Smaller, speed-focused in-ring style');
INSERT INTO traits VALUES('HighFlyer','core','Aerial offense emphasis');
INSERT INTO traits VALUES('LowerCard','status','Primarily positioned lower card in this era');
INSERT INTO traits VALUES('Technician','core','Grappling and structured in-ring style');
INSERT INTO traits VALUES('Enforcer','status','Back-up muscle; intimidation and protection role');
INSERT INTO traits VALUES('RisingStar','status','Being elevated; upward push signals');
INSERT INTO traits VALUES('Giant','core','Size-based offense; spectacle and dominance');
INSERT INTO traits VALUES('Attraction','status','Special attraction; featured in big-match settings');
INSERT INTO traits VALUES('Monster','status','Booked as a dominant physical threat');
INSERT INTO traits VALUES('TagSpecialist','core','Excels in tag team match structure');
INSERT INTO traits VALUES('Athletic','core','Speed and coordination focused offense');
INSERT INTO traits VALUES('MainEvent','status','Top-tier star; credible headliner');
INSERT INTO traits VALUES('Hardcore','core','Weapons-based, high-risk physical style');
INSERT INTO traits VALUES('Amateur','core','Amateur wrestling background');
INSERT INTO traits VALUES('Submission','core','Submission-based finishing focus');
INSERT INTO traits VALUES('Heel','status','Primarily positioned as a heel in this era');
INSERT INTO traits VALUES('UpperMidcard','status','Consistent upper-midcard presence');
INSERT INTO traits VALUES('LowerMidcard','status','Lower-midcard depth; used to fill cards');
INSERT INTO traits VALUES('Valet','status','Primarily a manager/valet rather than in-ring performer');
INSERT INTO traits VALUES('CharacterFocus','status','Used mainly for angles, heat, and character work');
INSERT INTO traits VALUES('UpperMainEvent','status','Regularly featured in top programs; future headliner');
INSERT INTO traits VALUES('Babyface','status','Primarily positioned as a face in this era');
INSERT INTO traits VALUES('WomensDivision','core','Competes primarily in the women’s division');
INSERT INTO traits VALUES('Developing','status','Early-stage project; still being refined');
INSERT INTO traits VALUES('Character','core','Gimmick-driven presentation; crowd connection through persona');
INSERT INTO traits VALUES('Strongman','core','Strength-based offense; feats of power');
INSERT INTO traits VALUES('HardHitter','core','Stiff, impact-heavy striking style');
INSERT INTO traits VALUES('Entertainer','core','Performance and character-driven presentation');
INSERT INTO traits VALUES('Underdog','core','Smaller wrestler; relies on resilience and sympathy');
INSERT INTO traits VALUES('Striker','core','Strike-heavy offense with kicks and submissions');
INSERT INTO traits VALUES('BigMan','core','Large frame; strength- and power-based offense');
INSERT INTO traits VALUES('SpecialAttraction','status','Appears selectively; massive draw when used');
INSERT INTO traits VALUES('Intimidating','core','Aura-based fear and dominance; affects opponent performance');
INSERT INTO traits VALUES('Aggressive','core','Relentless offense; intensity-forward style');
CREATE TABLE wrestler_traits (
  era           INTEGER NOT NULL,
  wrestler_id   INTEGER NOT NULL,
  trait_id      TEXT NOT NULL,
  PRIMARY KEY (era, wrestler_id, trait_id),
  FOREIGN KEY (wrestler_id) REFERENCES wrestlers(id) ON DELETE CASCADE,
  FOREIGN KEY (trait_id) REFERENCES traits(id) ON DELETE CASCADE
);
INSERT INTO wrestler_traits VALUES(2001,1,'Showman');
INSERT INTO wrestler_traits VALUES(2001,1,'RingGeneral');
INSERT INTO wrestler_traits VALUES(2001,1,'FanFavorite');
INSERT INTO wrestler_traits VALUES(2001,1,'MediaFriendly');
INSERT INTO wrestler_traits VALUES(2001,1,'FormerChampion');
INSERT INTO wrestler_traits VALUES(2001,1,'PartTime');
INSERT INTO wrestler_traits VALUES(2001,1,'BrandCaptain');
INSERT INTO wrestler_traits VALUES(2001,2,'BrawlerCore');
INSERT INTO wrestler_traits VALUES(2001,2,'LockerRoomLeader');
INSERT INTO wrestler_traits VALUES(2001,2,'FanFavorite');
INSERT INTO wrestler_traits VALUES(2001,2,'Hothead');
INSERT INTO wrestler_traits VALUES(2001,2,'Veteran');
INSERT INTO wrestler_traits VALUES(2001,2,'PartTime');
INSERT INTO wrestler_traits VALUES(2001,2,'FormerChampion');
INSERT INTO wrestler_traits VALUES(2001,3,'Politicker');
INSERT INTO wrestler_traits VALUES(2001,3,'CompanyGuy');
INSERT INTO wrestler_traits VALUES(2001,3,'PowerhouseCore');
INSERT INTO wrestler_traits VALUES(2001,3,'Opportunist');
INSERT INTO wrestler_traits VALUES(2001,3,'Champion');
INSERT INTO wrestler_traits VALUES(2001,3,'BrandCaptain');
INSERT INTO wrestler_traits VALUES(2001,4,'LockerRoomLeader');
INSERT INTO wrestler_traits VALUES(2001,4,'BulldogEnforcer');
INSERT INTO wrestler_traits VALUES(2001,4,'BrawlerCore');
INSERT INTO wrestler_traits VALUES(2001,4,'Veteran');
INSERT INTO wrestler_traits VALUES(2001,4,'BrandCaptain');
INSERT INTO wrestler_traits VALUES(2001,4,'FormerChampion');
INSERT INTO wrestler_traits VALUES(2001,5,'TechnicalAce');
INSERT INTO wrestler_traits VALUES(2001,5,'RingGeneral');
INSERT INTO wrestler_traits VALUES(2001,5,'Workhorse');
INSERT INTO wrestler_traits VALUES(2001,5,'Shooter');
INSERT INTO wrestler_traits VALUES(2001,5,'Champion');
INSERT INTO wrestler_traits VALUES(2001,5,'FormerChampion');
INSERT INTO wrestler_traits VALUES(2001,6,'Showman');
INSERT INTO wrestler_traits VALUES(2001,6,'Comedian');
INSERT INTO wrestler_traits VALUES(2001,6,'Innovator');
INSERT INTO wrestler_traits VALUES(2001,6,'Veteran');
INSERT INTO wrestler_traits VALUES(2001,6,'FormerChampion');
INSERT INTO wrestler_traits VALUES(2001,6,'PartTime');
INSERT INTO wrestler_traits VALUES(2001,7,'PowerhouseCore');
INSERT INTO wrestler_traits VALUES(2001,7,'BrawlerCore');
INSERT INTO wrestler_traits VALUES(2001,7,'LoneWolf');
INSERT INTO wrestler_traits VALUES(2001,7,'BulldogEnforcer');
INSERT INTO wrestler_traits VALUES(2001,7,'FormerChampion');
INSERT INTO wrestler_traits VALUES(2001,8,'GiantFrame');
INSERT INTO wrestler_traits VALUES(2001,8,'PowerhouseCore');
INSERT INTO wrestler_traits VALUES(2001,8,'FormerChampion');
INSERT INTO wrestler_traits VALUES(2001,9,'Showman');
INSERT INTO wrestler_traits VALUES(2001,9,'Workhorse');
INSERT INTO wrestler_traits VALUES(2001,9,'Innovator');
INSERT INTO wrestler_traits VALUES(2001,9,'Opportunist');
INSERT INTO wrestler_traits VALUES(2001,9,'FormerChampion');
INSERT INTO wrestler_traits VALUES(2001,10,'TechnicalAce');
INSERT INTO wrestler_traits VALUES(2001,10,'Workhorse');
INSERT INTO wrestler_traits VALUES(2001,10,'SeriousPro');
INSERT INTO wrestler_traits VALUES(2001,10,'Shooter');
INSERT INTO wrestler_traits VALUES(2001,11,'Workhorse');
INSERT INTO wrestler_traits VALUES(2001,11,'HighFlyerCore');
INSERT INTO wrestler_traits VALUES(2001,11,'Showman');
INSERT INTO wrestler_traits VALUES(2001,11,'Innovator');
INSERT INTO wrestler_traits VALUES(2001,11,'TagTeamSpecialist');
INSERT INTO wrestler_traits VALUES(2001,11,'FormerChampion');
INSERT INTO wrestler_traits VALUES(2001,12,'FanFavorite');
INSERT INTO wrestler_traits VALUES(2001,12,'Comedian');
INSERT INTO wrestler_traits VALUES(2001,12,'Workhorse');
INSERT INTO wrestler_traits VALUES(2001,13,'HighFlyerCore');
INSERT INTO wrestler_traits VALUES(2001,13,'TeamPlayer');
INSERT INTO wrestler_traits VALUES(2001,13,'FanFavorite');
INSERT INTO wrestler_traits VALUES(2001,13,'TagTeamSpecialist');
INSERT INTO wrestler_traits VALUES(2001,13,'FormerChampion');
INSERT INTO wrestler_traits VALUES(2001,14,'Opportunist');
INSERT INTO wrestler_traits VALUES(2001,14,'CloutChaser');
INSERT INTO wrestler_traits VALUES(2001,14,'TagTeamSpecialist');
INSERT INTO wrestler_traits VALUES(2001,14,'FormerChampion');
INSERT INTO wrestler_traits VALUES(2001,15,'TechnicalAce');
INSERT INTO wrestler_traits VALUES(2001,15,'SeriousPro');
INSERT INTO wrestler_traits VALUES(2001,15,'CompanyGuy');
INSERT INTO wrestler_traits VALUES(2001,15,'Veteran');
INSERT INTO wrestler_traits VALUES(2001,16,'PowerhouseCore');
INSERT INTO wrestler_traits VALUES(2001,16,'CloutChaser');
INSERT INTO wrestler_traits VALUES(2001,17,'Workhorse');
INSERT INTO wrestler_traits VALUES(2001,17,'Showman');
INSERT INTO wrestler_traits VALUES(2001,17,'FanFavorite');
INSERT INTO wrestler_traits VALUES(2001,17,'FormerChampion');
INSERT INTO wrestler_traits VALUES(2001,18,'HighFlyerCore');
INSERT INTO wrestler_traits VALUES(2001,18,'SpotMonkey');
INSERT INTO wrestler_traits VALUES(2001,18,'FanFavorite');
INSERT INTO wrestler_traits VALUES(2001,18,'FormerChampion');
INSERT INTO wrestler_traits VALUES(2001,18,'FlashyRiskTaker');
INSERT INTO wrestler_traits VALUES(2001,20,'Showman');
INSERT INTO wrestler_traits VALUES(2001,20,'Comedian');
INSERT INTO wrestler_traits VALUES(2001,21,'HighFlyerCore');
INSERT INTO wrestler_traits VALUES(2001,21,'Workhorse');
INSERT INTO wrestler_traits VALUES(2001,21,'TagTeamSpecialist');
INSERT INTO wrestler_traits VALUES(2001,22,'HighFlyerCore');
INSERT INTO wrestler_traits VALUES(2001,22,'Partier');
INSERT INTO wrestler_traits VALUES(2001,22,'FanFavorite');
INSERT INTO wrestler_traits VALUES(2001,22,'TagTeamSpecialist');
INSERT INTO wrestler_traits VALUES(2001,22,'FlashyRiskTaker');
INSERT INTO wrestler_traits VALUES(2001,23,'BrawlerCore');
INSERT INTO wrestler_traits VALUES(2001,23,'BulldogEnforcer');
INSERT INTO wrestler_traits VALUES(2001,23,'Hothead');
INSERT INTO wrestler_traits VALUES(2001,23,'TagTeamSpecialist');
INSERT INTO wrestler_traits VALUES(2001,24,'TeamPlayer');
INSERT INTO wrestler_traits VALUES(2001,24,'TagTeamSpecialist');
INSERT INTO wrestler_traits VALUES(2001,25,'BrawlerCore');
INSERT INTO wrestler_traits VALUES(2001,25,'PowerhouseCore');
INSERT INTO wrestler_traits VALUES(2001,25,'BulldogEnforcer');
INSERT INTO wrestler_traits VALUES(2001,26,'BrawlerCore');
INSERT INTO wrestler_traits VALUES(2001,26,'TeamPlayer');
INSERT INTO wrestler_traits VALUES(2001,26,'Veteran');
INSERT INTO wrestler_traits VALUES(2001,27,'Showman');
INSERT INTO wrestler_traits VALUES(2001,27,'Comedian');
INSERT INTO wrestler_traits VALUES(2001,28,'PowerhouseCore');
INSERT INTO wrestler_traits VALUES(2001,28,'Showman');
INSERT INTO wrestler_traits VALUES(2001,28,'TagTeamSpecialist');
INSERT INTO wrestler_traits VALUES(2001,29,'HighFlyerCore');
INSERT INTO wrestler_traits VALUES(2001,29,'Innovator');
INSERT INTO wrestler_traits VALUES(2001,30,'Showman');
INSERT INTO wrestler_traits VALUES(2001,30,'Innovator');
INSERT INTO wrestler_traits VALUES(2001,31,'Showman');
INSERT INTO wrestler_traits VALUES(2001,32,'PowerhouseCore');
INSERT INTO wrestler_traits VALUES(2001,32,'TeamPlayer');
INSERT INTO wrestler_traits VALUES(2001,32,'TagTeamSpecialist');
INSERT INTO wrestler_traits VALUES(2001,33,'PowerhouseCore');
INSERT INTO wrestler_traits VALUES(2001,33,'HighFlyerCore');
INSERT INTO wrestler_traits VALUES(2001,34,'Showman');
INSERT INTO wrestler_traits VALUES(2001,34,'HighFlyerCore');
INSERT INTO wrestler_traits VALUES(2001,34,'Innovator');
INSERT INTO wrestler_traits VALUES(2001,35,'BrawlerCore');
INSERT INTO wrestler_traits VALUES(2001,35,'SeriousPro');
INSERT INTO wrestler_traits VALUES(2001,36,'HighFlyerCore');
INSERT INTO wrestler_traits VALUES(2001,36,'Comedian');
INSERT INTO wrestler_traits VALUES(2001,37,'Workhorse');
INSERT INTO wrestler_traits VALUES(2001,37,'Trainer');
INSERT INTO wrestler_traits VALUES(2001,37,'Comedian');
INSERT INTO wrestler_traits VALUES(2001,40,'Shooter');
INSERT INTO wrestler_traits VALUES(2001,40,'BrawlerCore');
INSERT INTO wrestler_traits VALUES(2001,41,'Showman');
INSERT INTO wrestler_traits VALUES(2001,41,'Opportunist');
INSERT INTO wrestler_traits VALUES(2001,42,'BrawlerCore');
INSERT INTO wrestler_traits VALUES(2001,42,'Shooter');
INSERT INTO wrestler_traits VALUES(2001,42,'SeriousPro');
INSERT INTO wrestler_traits VALUES(2001,42,'Veteran');
INSERT INTO wrestler_traits VALUES(2001,43,'Innovator');
INSERT INTO wrestler_traits VALUES(2001,43,'Hothead');
INSERT INTO wrestler_traits VALUES(2001,43,'ProblemCase');
INSERT INTO wrestler_traits VALUES(2001,44,'PowerhouseCore');
INSERT INTO wrestler_traits VALUES(2001,44,'BrawlerCore');
INSERT INTO wrestler_traits VALUES(2001,45,'TechnicalAce');
INSERT INTO wrestler_traits VALUES(2001,45,'Shooter');
INSERT INTO wrestler_traits VALUES(2001,45,'HighFlyerCore');
INSERT INTO wrestler_traits VALUES(2001,46,'BrawlerCore');
INSERT INTO wrestler_traits VALUES(2001,46,'Comedian');
INSERT INTO wrestler_traits VALUES(2001,47,'Workhorse');
INSERT INTO wrestler_traits VALUES(2001,47,'CloutChaser');
INSERT INTO wrestler_traits VALUES(2001,48,'TechnicalAce');
INSERT INTO wrestler_traits VALUES(2001,48,'SeriousPro');
INSERT INTO wrestler_traits VALUES(2001,48,'CharismaBlackHole');
INSERT INTO wrestler_traits VALUES(2001,49,'PowerhouseCore');
INSERT INTO wrestler_traits VALUES(2001,49,'HighFlyerCore');
INSERT INTO wrestler_traits VALUES(2001,49,'FlashyRiskTaker');
INSERT INTO wrestler_traits VALUES(2001,52,'HighFlyerCore');
INSERT INTO wrestler_traits VALUES(2001,52,'Workhorse');
INSERT INTO wrestler_traits VALUES(2001,52,'FanFavorite');
INSERT INTO wrestler_traits VALUES(2001,53,'TechnicalAce');
INSERT INTO wrestler_traits VALUES(2001,53,'Opportunist');
INSERT INTO wrestler_traits VALUES(2001,53,'TagTeamSpecialist');
INSERT INTO wrestler_traits VALUES(2001,56,'RingGeneral');
INSERT INTO wrestler_traits VALUES(2001,56,'Showman');
INSERT INTO wrestler_traits VALUES(2001,56,'FanFavorite');
INSERT INTO wrestler_traits VALUES(2001,56,'Veteran');
INSERT INTO wrestler_traits VALUES(2001,56,'FormerChampion');
INSERT INTO wrestler_traits VALUES(2001,56,'FreeAgent');
INSERT INTO wrestler_traits VALUES(2001,58,'RingGeneral');
INSERT INTO wrestler_traits VALUES(2001,58,'Showman');
INSERT INTO wrestler_traits VALUES(2001,58,'Veteran');
INSERT INTO wrestler_traits VALUES(2001,58,'FormerChampion');
INSERT INTO wrestler_traits VALUES(2001,58,'FreeAgent');
INSERT INTO wrestler_traits VALUES(2001,61,'Workhorse');
INSERT INTO wrestler_traits VALUES(2001,61,'Partier');
INSERT INTO wrestler_traits VALUES(2001,61,'NoShowRisk');
INSERT INTO wrestler_traits VALUES(2001,61,'Veteran');
INSERT INTO wrestler_traits VALUES(2001,61,'FormerChampion');
INSERT INTO wrestler_traits VALUES(2001,61,'FreeAgent');
INSERT INTO wrestler_traits VALUES(2001,62,'PowerhouseCore');
INSERT INTO wrestler_traits VALUES(2001,62,'FormerChampion');
INSERT INTO wrestler_traits VALUES(2001,62,'FreeAgent');
INSERT INTO wrestler_traits VALUES(2001,63,'HighFlyerCore');
INSERT INTO wrestler_traits VALUES(2001,63,'Innovator');
INSERT INTO wrestler_traits VALUES(2001,63,'FanFavorite');
INSERT INTO wrestler_traits VALUES(2001,63,'FreeAgent');
INSERT INTO wrestler_traits VALUES(2001,64,'HighFlyerCore');
INSERT INTO wrestler_traits VALUES(2001,64,'FreeAgent');
INSERT INTO wrestler_traits VALUES(2001,64,'FlashyRiskTaker');
INSERT INTO wrestler_traits VALUES(2001,65,'HighFlyerCore');
INSERT INTO wrestler_traits VALUES(2001,65,'FreeAgent');
INSERT INTO wrestler_traits VALUES(2001,66,'Showman');
INSERT INTO wrestler_traits VALUES(2001,66,'Innovator');
INSERT INTO wrestler_traits VALUES(2001,66,'FreeAgent');
INSERT INTO wrestler_traits VALUES(2001,67,'Showman');
INSERT INTO wrestler_traits VALUES(2001,67,'LockerRoomLeader');
INSERT INTO wrestler_traits VALUES(2001,67,'Veteran');
INSERT INTO wrestler_traits VALUES(2001,67,'FreeAgent');
INSERT INTO wrestler_traits VALUES(2001,68,'HighFlyerCore');
INSERT INTO wrestler_traits VALUES(2001,68,'FreeAgent');
INSERT INTO wrestler_traits VALUES(2001,68,'FlashyRiskTaker');
INSERT INTO wrestler_traits VALUES(2001,69,'BrawlerCore');
INSERT INTO wrestler_traits VALUES(2001,69,'Partier');
INSERT INTO wrestler_traits VALUES(2001,69,'FreeAgent');
INSERT INTO wrestler_traits VALUES(2001,71,'HighFlyerCore');
INSERT INTO wrestler_traits VALUES(2001,71,'FreeAgent');
INSERT INTO wrestler_traits VALUES(2001,71,'FlashyRiskTaker');
INSERT INTO wrestler_traits VALUES(2001,72,'HighFlyerCore');
INSERT INTO wrestler_traits VALUES(2001,72,'FreeAgent');
INSERT INTO wrestler_traits VALUES(2001,73,'TechnicalAce');
INSERT INTO wrestler_traits VALUES(2001,73,'FreeAgent');
INSERT INTO wrestler_traits VALUES(2001,74,'BrawlerCore');
INSERT INTO wrestler_traits VALUES(2001,74,'TechnicalAce');
INSERT INTO wrestler_traits VALUES(2001,74,'FreeAgent');
INSERT INTO wrestler_traits VALUES(2001,75,'HighFlyerCore');
INSERT INTO wrestler_traits VALUES(2001,75,'Workhorse');
INSERT INTO wrestler_traits VALUES(2001,75,'Innovator');
INSERT INTO wrestler_traits VALUES(2001,75,'Rookie');
INSERT INTO wrestler_traits VALUES(2001,75,'FreeAgent');
INSERT INTO wrestler_traits VALUES(2001,76,'Workhorse');
INSERT INTO wrestler_traits VALUES(2001,76,'Innovator');
INSERT INTO wrestler_traits VALUES(2001,76,'FreeAgent');
INSERT INTO wrestler_traits VALUES(2001,77,'PowerhouseCore');
INSERT INTO wrestler_traits VALUES(2001,77,'BrawlerCore');
INSERT INTO wrestler_traits VALUES(2001,77,'Workhorse');
INSERT INTO wrestler_traits VALUES(2001,77,'Rookie');
INSERT INTO wrestler_traits VALUES(2001,77,'FreeAgent');
INSERT INTO wrestler_traits VALUES(2001,78,'BrawlerCore');
INSERT INTO wrestler_traits VALUES(2001,78,'HighFlyerCore');
INSERT INTO wrestler_traits VALUES(2001,78,'SeriousPro');
INSERT INTO wrestler_traits VALUES(2001,78,'FreeAgent');
INSERT INTO wrestler_traits VALUES(2001,79,'HighFlyerCore');
INSERT INTO wrestler_traits VALUES(2001,79,'TechnicalAce');
INSERT INTO wrestler_traits VALUES(2001,79,'RingGeneral');
INSERT INTO wrestler_traits VALUES(2001,79,'Veteran');
INSERT INTO wrestler_traits VALUES(2001,79,'FormerChampion');
INSERT INTO wrestler_traits VALUES(2001,79,'FreeAgent');
INSERT INTO wrestler_traits VALUES(2001,82,'Showman');
INSERT INTO wrestler_traits VALUES(2001,82,'FreeAgent');
INSERT INTO wrestler_traits VALUES(2001,84,'Showman');
INSERT INTO wrestler_traits VALUES(2001,84,'CloutChaser');
INSERT INTO wrestler_traits VALUES(2001,84,'FreeAgent');
INSERT INTO wrestler_traits VALUES(2001,85,'HighFlyerCore');
INSERT INTO wrestler_traits VALUES(2001,85,'Innovator');
INSERT INTO wrestler_traits VALUES(2001,85,'FanFavorite');
INSERT INTO wrestler_traits VALUES(2001,86,'Showman');
INSERT INTO wrestler_traits VALUES(2001,86,'Workhorse');
INSERT INTO wrestler_traits VALUES(2001,86,'FanFavorite');
INSERT INTO wrestler_traits VALUES(2001,87,'PowerhouseCore');
INSERT INTO wrestler_traits VALUES(2001,87,'FanFavorite');
INSERT INTO wrestler_traits VALUES(2001,87,'FormerChampion');
INSERT INTO wrestler_traits VALUES(2001,88,'SeriousPro');
INSERT INTO wrestler_traits VALUES(2001,88,'Trainer');
INSERT INTO wrestler_traits VALUES(2001,88,'Veteran');
INSERT INTO wrestler_traits VALUES(2001,89,'Politicker');
INSERT INTO wrestler_traits VALUES(2001,89,'CloutChaser');
INSERT INTO wrestler_traits VALUES(2001,89,'AuthorityFigure');
INSERT INTO wrestler_traits VALUES(2001,91,'Showman');
INSERT INTO wrestler_traits VALUES(2001,91,'Manager');
INSERT INTO wrestler_traits VALUES(2001,92,'TechnicalAce');
INSERT INTO wrestler_traits VALUES(2001,92,'SeriousPro');
INSERT INTO wrestler_traits VALUES(2001,92,'TeamPlayer');
INSERT INTO wrestler_traits VALUES(2001,93,'Showman');
INSERT INTO wrestler_traits VALUES(2001,93,'FanFavorite');
INSERT INTO wrestler_traits VALUES(2001,93,'Comedian');
INSERT INTO wrestler_traits VALUES(2001,94,'Showman');
INSERT INTO wrestler_traits VALUES(2001,94,'MediaFriendly');
INSERT INTO wrestler_traits VALUES(2001,94,'Comedian');
INSERT INTO wrestler_traits VALUES(2001,95,'Politicker');
INSERT INTO wrestler_traits VALUES(2001,95,'HeatMagnet');
INSERT INTO wrestler_traits VALUES(2001,95,'AuthorityFigure');
INSERT INTO wrestler_traits VALUES(2001,96,'HighFlyerCore');
INSERT INTO wrestler_traits VALUES(2001,96,'Partier');
INSERT INTO wrestler_traits VALUES(2001,96,'FlashyRiskTaker');
INSERT INTO wrestler_traits VALUES(2001,97,'Showman');
INSERT INTO wrestler_traits VALUES(2001,97,'Comedian');
INSERT INTO wrestler_traits VALUES(2001,98,'SeriousPro');
INSERT INTO wrestler_traits VALUES(200404,99,'Powerhouse');
INSERT INTO wrestler_traits VALUES(200404,99,'Brawler');
INSERT INTO wrestler_traits VALUES(200404,99,'Midcard');
INSERT INTO wrestler_traits VALUES(200404,100,'Cruiserweight');
INSERT INTO wrestler_traits VALUES(200404,100,'HighFlyer');
INSERT INTO wrestler_traits VALUES(200404,100,'LowerCard');
INSERT INTO wrestler_traits VALUES(200404,37,'Veteran');
INSERT INTO wrestler_traits VALUES(200404,37,'LowerCard');
INSERT INTO wrestler_traits VALUES(200404,37,'Brawler');
INSERT INTO wrestler_traits VALUES(200404,37,'Technician');
INSERT INTO wrestler_traits VALUES(200404,101,'Powerhouse');
INSERT INTO wrestler_traits VALUES(200404,101,'Enforcer');
INSERT INTO wrestler_traits VALUES(200404,101,'StableMember');
INSERT INTO wrestler_traits VALUES(200404,101,'RisingStar');
INSERT INTO wrestler_traits VALUES(200404,8,'Giant');
INSERT INTO wrestler_traits VALUES(200404,8,'Powerhouse');
INSERT INTO wrestler_traits VALUES(200404,8,'Attraction');
INSERT INTO wrestler_traits VALUES(200404,8,'Monster');
INSERT INTO wrestler_traits VALUES(200404,28,'TagSpecialist');
INSERT INTO wrestler_traits VALUES(200404,28,'Athletic');
INSERT INTO wrestler_traits VALUES(200404,28,'Veteran');
INSERT INTO wrestler_traits VALUES(200404,28,'LowerCard');
INSERT INTO wrestler_traits VALUES(200404,52,'Cruiserweight');
INSERT INTO wrestler_traits VALUES(200404,52,'HighFlyer');
INSERT INTO wrestler_traits VALUES(200404,52,'TagSpecialist');
INSERT INTO wrestler_traits VALUES(200404,52,'Midcard');
INSERT INTO wrestler_traits VALUES(200404,17,'MainEvent');
INSERT INTO wrestler_traits VALUES(200404,17,'Veteran');
INSERT INTO wrestler_traits VALUES(200404,17,'FormerChampion');
INSERT INTO wrestler_traits VALUES(200404,17,'Athletic');
INSERT INTO wrestler_traits VALUES(200404,17,'FanFavorite');
INSERT INTO wrestler_traits VALUES(200404,23,'TagSpecialist');
INSERT INTO wrestler_traits VALUES(200404,23,'Brawler');
INSERT INTO wrestler_traits VALUES(200404,23,'Hardcore');
INSERT INTO wrestler_traits VALUES(200404,23,'Midcard');
INSERT INTO wrestler_traits VALUES(200404,102,'Technician');
INSERT INTO wrestler_traits VALUES(200404,102,'TagSpecialist');
INSERT INTO wrestler_traits VALUES(200404,102,'Amateur');
INSERT INTO wrestler_traits VALUES(200404,102,'StableMember');
INSERT INTO wrestler_traits VALUES(200404,102,'Midcard');
INSERT INTO wrestler_traits VALUES(200404,103,'Technician');
INSERT INTO wrestler_traits VALUES(200404,103,'Cruiserweight');
INSERT INTO wrestler_traits VALUES(200404,103,'Midcard');
INSERT INTO wrestler_traits VALUES(200404,103,'Veteran');
INSERT INTO wrestler_traits VALUES(200404,10,'Workhorse');
INSERT INTO wrestler_traits VALUES(200404,10,'Technician');
INSERT INTO wrestler_traits VALUES(200404,10,'Submission');
INSERT INTO wrestler_traits VALUES(200404,10,'MainEvent');
INSERT INTO wrestler_traits VALUES(200404,10,'Champion');
INSERT INTO wrestler_traits VALUES(200404,10,'Veteran');
INSERT INTO wrestler_traits VALUES(200404,9,'Showman');
INSERT INTO wrestler_traits VALUES(200404,9,'Technician');
INSERT INTO wrestler_traits VALUES(200404,9,'Workhorse');
INSERT INTO wrestler_traits VALUES(200404,9,'MainEvent');
INSERT INTO wrestler_traits VALUES(200404,9,'Veteran');
INSERT INTO wrestler_traits VALUES(200404,9,'Heel');
INSERT INTO wrestler_traits VALUES(200404,14,'UpperMidcard');
INSERT INTO wrestler_traits VALUES(200404,14,'Showman');
INSERT INTO wrestler_traits VALUES(200404,14,'Veteran');
INSERT INTO wrestler_traits VALUES(200404,14,'Heel');
INSERT INTO wrestler_traits VALUES(200404,32,'Powerhouse');
INSERT INTO wrestler_traits VALUES(200404,32,'Brawler');
INSERT INTO wrestler_traits VALUES(200404,32,'LowerMidcard');
INSERT INTO wrestler_traits VALUES(200404,32,'Heel');
INSERT INTO wrestler_traits VALUES(200404,24,'TagSpecialist');
INSERT INTO wrestler_traits VALUES(200404,24,'Brawler');
INSERT INTO wrestler_traits VALUES(200404,24,'Hardcore');
INSERT INTO wrestler_traits VALUES(200404,24,'Midcard');
INSERT INTO wrestler_traits VALUES(200404,104,'TagSpecialist');
INSERT INTO wrestler_traits VALUES(200404,104,'Brawler');
INSERT INTO wrestler_traits VALUES(200404,104,'LowerCard');
INSERT INTO wrestler_traits VALUES(200404,104,'Heel');
INSERT INTO wrestler_traits VALUES(200404,105,'Valet');
INSERT INTO wrestler_traits VALUES(200404,105,'CharacterFocus');
INSERT INTO wrestler_traits VALUES(200404,105,'Heel');
INSERT INTO wrestler_traits VALUES(200404,106,'TagSpecialist');
INSERT INTO wrestler_traits VALUES(200404,106,'Brawler');
INSERT INTO wrestler_traits VALUES(200404,106,'LowerCard');
INSERT INTO wrestler_traits VALUES(200404,106,'Heel');
INSERT INTO wrestler_traits VALUES(200404,11,'MainEvent');
INSERT INTO wrestler_traits VALUES(200404,11,'Champion');
INSERT INTO wrestler_traits VALUES(200404,11,'FanFavorite');
INSERT INTO wrestler_traits VALUES(200404,11,'Technician');
INSERT INTO wrestler_traits VALUES(200404,11,'Workhorse');
INSERT INTO wrestler_traits VALUES(200404,11,'Showman');
INSERT INTO wrestler_traits VALUES(200404,13,'UpperMainEvent');
INSERT INTO wrestler_traits VALUES(200404,13,'Opportunist');
INSERT INTO wrestler_traits VALUES(200404,13,'Veteran');
INSERT INTO wrestler_traits VALUES(200404,13,'Heel');
INSERT INTO wrestler_traits VALUES(200404,107,'Cruiserweight');
INSERT INTO wrestler_traits VALUES(200404,107,'Technician');
INSERT INTO wrestler_traits VALUES(200404,107,'SafeWorker');
INSERT INTO wrestler_traits VALUES(200404,107,'LowerCard');
INSERT INTO wrestler_traits VALUES(200404,107,'Babyface');
INSERT INTO wrestler_traits VALUES(200404,108,'WomensDivision');
INSERT INTO wrestler_traits VALUES(200404,108,'Midcard');
INSERT INTO wrestler_traits VALUES(200404,108,'Heel');
INSERT INTO wrestler_traits VALUES(200404,109,'Powerhouse');
INSERT INTO wrestler_traits VALUES(200404,109,'TagSpecialist');
INSERT INTO wrestler_traits VALUES(200404,109,'LowerCard');
INSERT INTO wrestler_traits VALUES(200404,109,'Heel');
INSERT INTO wrestler_traits VALUES(200404,109,'Developing');
INSERT INTO wrestler_traits VALUES(200404,35,'Brawler');
INSERT INTO wrestler_traits VALUES(200404,35,'Hardcore');
INSERT INTO wrestler_traits VALUES(200404,35,'Veteran');
INSERT INTO wrestler_traits VALUES(200404,35,'LowerMidcard');
INSERT INTO wrestler_traits VALUES(200404,34,'CharacterFocus');
INSERT INTO wrestler_traits VALUES(200404,34,'Midcard');
INSERT INTO wrestler_traits VALUES(200404,34,'Babyface');
INSERT INTO wrestler_traits VALUES(200404,34,'Cruiserweight');
INSERT INTO wrestler_traits VALUES(200404,88,'WomensDivision');
INSERT INTO wrestler_traits VALUES(200404,88,'Veteran');
INSERT INTO wrestler_traits VALUES(200404,88,'LowerCard');
INSERT INTO wrestler_traits VALUES(200404,88,'SafeWorker');
INSERT INTO wrestler_traits VALUES(200404,110,'Cruiserweight');
INSERT INTO wrestler_traits VALUES(200404,110,'Technician');
INSERT INTO wrestler_traits VALUES(200404,110,'Workhorse');
INSERT INTO wrestler_traits VALUES(200404,110,'LowerMidcard');
INSERT INTO wrestler_traits VALUES(200404,110,'Heel');
INSERT INTO wrestler_traits VALUES(200404,111,'WomensDivision');
INSERT INTO wrestler_traits VALUES(200404,111,'Brawler');
INSERT INTO wrestler_traits VALUES(200404,111,'Workhorse');
INSERT INTO wrestler_traits VALUES(200404,111,'Midcard');
INSERT INTO wrestler_traits VALUES(200404,111,'Heel');
INSERT INTO wrestler_traits VALUES(200404,25,'UpperMidcard');
INSERT INTO wrestler_traits VALUES(200404,25,'Brawler');
INSERT INTO wrestler_traits VALUES(200404,25,'Powerhouse');
INSERT INTO wrestler_traits VALUES(200404,25,'Heel');
INSERT INTO wrestler_traits VALUES(200404,25,'RisingStar');
INSERT INTO wrestler_traits VALUES(200404,112,'RisingStar');
INSERT INTO wrestler_traits VALUES(200404,112,'UpperMidcard');
INSERT INTO wrestler_traits VALUES(200404,112,'Babyface');
INSERT INTO wrestler_traits VALUES(200404,112,'Powerhouse');
INSERT INTO wrestler_traits VALUES(200404,113,'Developing');
INSERT INTO wrestler_traits VALUES(200404,113,'LowerCard');
INSERT INTO wrestler_traits VALUES(200404,113,'Showman');
INSERT INTO wrestler_traits VALUES(200404,113,'Heel');
INSERT INTO wrestler_traits VALUES(200404,114,'Monster');
INSERT INTO wrestler_traits VALUES(200404,114,'Powerhouse');
INSERT INTO wrestler_traits VALUES(200404,114,'Developing');
INSERT INTO wrestler_traits VALUES(200404,114,'Heel');
INSERT INTO wrestler_traits VALUES(200404,7,'MainEvent');
INSERT INTO wrestler_traits VALUES(200404,7,'Monster');
INSERT INTO wrestler_traits VALUES(200404,7,'Powerhouse');
INSERT INTO wrestler_traits VALUES(200404,7,'Veteran');
INSERT INTO wrestler_traits VALUES(200404,5,'MainEvent');
INSERT INTO wrestler_traits VALUES(200404,5,'Technician');
INSERT INTO wrestler_traits VALUES(200404,5,'Amateur');
INSERT INTO wrestler_traits VALUES(200404,5,'Submission');
INSERT INTO wrestler_traits VALUES(200404,5,'Veteran');
INSERT INTO wrestler_traits VALUES(200404,48,'Technician');
INSERT INTO wrestler_traits VALUES(200404,48,'SafeWorker');
INSERT INTO wrestler_traits VALUES(200404,48,'Veteran');
INSERT INTO wrestler_traits VALUES(200404,48,'LowerCard');
INSERT INTO wrestler_traits VALUES(200404,85,'WomensDivision');
INSERT INTO wrestler_traits VALUES(200404,85,'MainEvent');
INSERT INTO wrestler_traits VALUES(200404,85,'FanFavorite');
INSERT INTO wrestler_traits VALUES(200404,85,'Showman');
INSERT INTO wrestler_traits VALUES(200404,115,'Powerhouse');
INSERT INTO wrestler_traits VALUES(200404,115,'Strongman');
INSERT INTO wrestler_traits VALUES(200404,115,'Attraction');
INSERT INTO wrestler_traits VALUES(200404,115,'LowerMidcard');
INSERT INTO wrestler_traits VALUES(200404,115,'Heel');
INSERT INTO wrestler_traits VALUES(200404,116,'Powerhouse');
INSERT INTO wrestler_traits VALUES(200404,116,'Athletic');
INSERT INTO wrestler_traits VALUES(200404,116,'Developing');
INSERT INTO wrestler_traits VALUES(200404,116,'LowerMidcard');
INSERT INTO wrestler_traits VALUES(200404,116,'Heel');
INSERT INTO wrestler_traits VALUES(200404,21,'UpperMidcard');
INSERT INTO wrestler_traits VALUES(200404,21,'Technician');
INSERT INTO wrestler_traits VALUES(200404,21,'Workhorse');
INSERT INTO wrestler_traits VALUES(200404,21,'Heel');
INSERT INTO wrestler_traits VALUES(200404,117,'Midcard');
INSERT INTO wrestler_traits VALUES(200404,117,'Athletic');
INSERT INTO wrestler_traits VALUES(200404,117,'Babyface');
INSERT INTO wrestler_traits VALUES(200404,92,'WomensDivision');
INSERT INTO wrestler_traits VALUES(200404,92,'Technician');
INSERT INTO wrestler_traits VALUES(200404,92,'SafeWorker');
INSERT INTO wrestler_traits VALUES(200404,92,'Midcard');
INSERT INTO wrestler_traits VALUES(200404,73,'Cruiserweight');
INSERT INTO wrestler_traits VALUES(200404,73,'Technician');
INSERT INTO wrestler_traits VALUES(200404,73,'Workhorse');
INSERT INTO wrestler_traits VALUES(200404,73,'LowerMidcard');
INSERT INTO wrestler_traits VALUES(200404,73,'Heel');
INSERT INTO wrestler_traits VALUES(200404,118,'Developing');
INSERT INTO wrestler_traits VALUES(200404,118,'LowerCard');
INSERT INTO wrestler_traits VALUES(200404,118,'Heel');
INSERT INTO wrestler_traits VALUES(200404,119,'RisingStar');
INSERT INTO wrestler_traits VALUES(200404,119,'UpperMidcard');
INSERT INTO wrestler_traits VALUES(200404,119,'Athletic');
INSERT INTO wrestler_traits VALUES(200404,119,'Heel');
INSERT INTO wrestler_traits VALUES(200404,120,'TagSpecialist');
INSERT INTO wrestler_traits VALUES(200404,120,'Developing');
INSERT INTO wrestler_traits VALUES(200404,120,'LowerMidcard');
INSERT INTO wrestler_traits VALUES(200404,120,'Heel');
INSERT INTO wrestler_traits VALUES(200404,63,'MainEvent');
INSERT INTO wrestler_traits VALUES(200404,63,'Cruiserweight');
INSERT INTO wrestler_traits VALUES(200404,63,'HighFlyer');
INSERT INTO wrestler_traits VALUES(200404,63,'FanFavorite');
INSERT INTO wrestler_traits VALUES(200404,44,'Midcard');
INSERT INTO wrestler_traits VALUES(200404,44,'Powerhouse');
INSERT INTO wrestler_traits VALUES(200404,44,'Brawler');
INSERT INTO wrestler_traits VALUES(200404,44,'HardHitter');
INSERT INTO wrestler_traits VALUES(200404,44,'Babyface');
INSERT INTO wrestler_traits VALUES(200404,121,'CharacterFocus');
INSERT INTO wrestler_traits VALUES(200404,121,'Midcard');
INSERT INTO wrestler_traits VALUES(200404,121,'Showman');
INSERT INTO wrestler_traits VALUES(200404,121,'Heel');
INSERT INTO wrestler_traits VALUES(200404,18,'MainEvent');
INSERT INTO wrestler_traits VALUES(200404,18,'HighFlyer');
INSERT INTO wrestler_traits VALUES(200404,18,'Hardcore');
INSERT INTO wrestler_traits VALUES(200404,18,'FanFavorite');
INSERT INTO wrestler_traits VALUES(200404,30,'TagSpecialist');
INSERT INTO wrestler_traits VALUES(200404,30,'LowerMidcard');
INSERT INTO wrestler_traits VALUES(200404,30,'FanFavorite');
INSERT INTO wrestler_traits VALUES(200404,30,'Babyface');
INSERT INTO wrestler_traits VALUES(200404,122,'Cruiserweight');
INSERT INTO wrestler_traits VALUES(200404,122,'LowerMidcard');
INSERT INTO wrestler_traits VALUES(200404,122,'Heel');
INSERT INTO wrestler_traits VALUES(200404,123,'RisingStar');
INSERT INTO wrestler_traits VALUES(200404,123,'UpperMidcard');
INSERT INTO wrestler_traits VALUES(200404,123,'Athletic');
INSERT INTO wrestler_traits VALUES(200404,123,'Technician');
INSERT INTO wrestler_traits VALUES(200404,123,'Heel');
INSERT INTO wrestler_traits VALUES(200404,124,'Underdog');
INSERT INTO wrestler_traits VALUES(200404,124,'Hardcore');
INSERT INTO wrestler_traits VALUES(200404,124,'LowerMidcard');
INSERT INTO wrestler_traits VALUES(200404,124,'Babyface');
INSERT INTO wrestler_traits VALUES(200404,125,'Technician');
INSERT INTO wrestler_traits VALUES(200404,125,'LowerMidcard');
INSERT INTO wrestler_traits VALUES(200404,125,'Veteran');
INSERT INTO wrestler_traits VALUES(200404,125,'Heel');
INSERT INTO wrestler_traits VALUES(200404,45,'Cruiserweight');
INSERT INTO wrestler_traits VALUES(200404,45,'Striker');
INSERT INTO wrestler_traits VALUES(200404,45,'Technician');
INSERT INTO wrestler_traits VALUES(200404,45,'Midcard');
INSERT INTO wrestler_traits VALUES(200404,45,'Heel');
INSERT INTO wrestler_traits VALUES(200404,16,'UpperMidcard');
INSERT INTO wrestler_traits VALUES(200404,16,'Powerhouse');
INSERT INTO wrestler_traits VALUES(200404,16,'BigMan');
INSERT INTO wrestler_traits VALUES(200404,16,'Heel');
INSERT INTO wrestler_traits VALUES(200404,1,'MainEvent');
INSERT INTO wrestler_traits VALUES(200404,1,'Showman');
INSERT INTO wrestler_traits VALUES(200404,1,'SpecialAttraction');
INSERT INTO wrestler_traits VALUES(200404,1,'PartTime');
INSERT INTO wrestler_traits VALUES(200404,1,'Veteran');
INSERT INTO wrestler_traits VALUES(200404,93,'WomensDivision');
INSERT INTO wrestler_traits VALUES(200404,93,'FanFavorite');
INSERT INTO wrestler_traits VALUES(200404,93,'CharacterFocus');
INSERT INTO wrestler_traits VALUES(200404,93,'Babyface');
INSERT INTO wrestler_traits VALUES(200404,86,'WomensDivision');
INSERT INTO wrestler_traits VALUES(200404,86,'MainEvent');
INSERT INTO wrestler_traits VALUES(200404,86,'FanFavorite');
INSERT INTO wrestler_traits VALUES(200404,86,'Showman');
INSERT INTO wrestler_traits VALUES(200404,4,'MainEvent');
INSERT INTO wrestler_traits VALUES(200404,4,'SpecialAttraction');
INSERT INTO wrestler_traits VALUES(200404,4,'Veteran');
INSERT INTO wrestler_traits VALUES(200404,4,'Powerhouse');
INSERT INTO wrestler_traits VALUES(200404,4,'Intimidating');
INSERT INTO wrestler_traits VALUES(200404,4,'Heel');
INSERT INTO wrestler_traits VALUES(200404,126,'WomensDivision');
INSERT INTO wrestler_traits VALUES(200404,126,'Technician');
INSERT INTO wrestler_traits VALUES(200404,126,'Aggressive');
INSERT INTO wrestler_traits VALUES(200404,126,'Midcard');
INSERT INTO wrestler_traits VALUES(200404,126,'Heel');
INSERT INTO wrestler_traits VALUES(200404,15,'Technician');
INSERT INTO wrestler_traits VALUES(200404,15,'Psychology');
INSERT INTO wrestler_traits VALUES(200404,15,'Veteran');
INSERT INTO wrestler_traits VALUES(200404,15,'UpperMidcard');
INSERT INTO wrestler_traits VALUES(200404,15,'Heel');
CREATE TRIGGER trg_wrestlers_updated
AFTER UPDATE ON wrestlers
FOR EACH ROW
BEGIN
  UPDATE wrestlers SET updated_at = datetime('now') WHERE id = OLD.id;
END;
COMMIT;
